"Sales Order","Order Date","Customer Name","Item Name","Height","Width","Cut From Height","Cut From Width","Quantity","SQFT","Rate","Amount","Status"
"SAL-ORD-2026-00564","31-05-2026","Manish (Saras Granite)","KOTA 42x24",41.0,23.0,42.0,24.0,2.0,14.0,49.0,686.0,"To Deliver and Bill"
"SAL-ORD-2026-00552","30-05-2026","Umiya Sales Vithal Bhai","KOTA 42x24 DP",41.0,23.0,42.0,24.0,2.0,14.0,57.0,798.0,"To Deliver and Bill"
"SAL-ORD-2026-00553","30-05-2026","Saras Granite","Lakha Red",66.0,12.0,0.0,0.0,2.0,11.0,165.0,1815.0,"To Deliver and Bill"
"SAL-ORD-2026-00553","30-05-2026","Saras Granite","Lakha Red",40.0,7.0,0.0,0.0,1.0,2.625,165.0,433.12,"To Deliver and Bill"
"SAL-ORD-2026-00554","30-05-2026","A G M   Vinod","KOTA 96x30",95.0,29.0,96.0,30.0,2.0,40.0,84.0,3360.0,"To Deliver and Bill"
"SAL-ORD-2026-00555","30-05-2026","Sachiyay Granite","KOTA 30x24",29.0,18.0,30.0,24.0,2.0,10.0,43.0,430.0,"To Deliver and Bill"
"SAL-ORD-2026-00555","30-05-2026","Sachiyay Granite","KOTA 30x24",24.0,18.0,30.0,24.0,1.0,5.0,43.0,215.0,"To Deliver and Bill"
"SAL-ORD-2026-00556","30-05-2026","Natural Granite","KOTA 30x24",29.0,23.0,30.0,24.0,1.0,5.0,43.0,215.0,"Draft"
"SAL-ORD-2026-00556","30-05-2026","Natural Granite","KOTA 36x30",35.0,29.0,36.0,30.0,1.0,7.5,58.0,435.0,"Draft"
"SAL-ORD-2026-00556","30-05-2026","Natural Granite","Dhar Mould",35.0,29.0,0.0,0.0,1.0,5.5,10.0,55.0,"Draft"
"SAL-ORD-2026-00556","30-05-2026","Natural Granite","KOTA 24x18 RAJ G",23.0,17.0,24.0,18.0,15.0,45.0,36.0,1620.0,"Draft"
"SAL-ORD-2026-00556","30-05-2026","Natural Granite","KOTA 22x16 RAJ P",22.0,16.0,24.0,18.0,18.0,54.0,29.0,1566.0,"Draft"
"SAL-ORD-2026-00557","30-05-2026","Cash x Carry","KOTA 36x24",35.0,18.0,36.0,24.0,1.0,6.0,46.0,276.0,"To Deliver and Bill"
"SAL-ORD-2026-00558","30-05-2026","Cash x Carry","Lakha Red",102.0,11.0,0.0,0.0,1.0,8.5,180.0,1530.0,"To Deliver and Bill"
"SAL-ORD-2026-00558","30-05-2026","Cash x Carry","Dhar MouldG",0.0,0.0,0.0,0.0,0.0,8.5,25.0,212.5,"To Deliver and Bill"
"SAL-ORD-2026-00559","30-05-2026","Ambamani Ramesh","Neno White",54.5,17.0,0.0,0.0,1.0,7.125,400.0,2850.0,"To Deliver and Bill"
"SAL-ORD-2026-00560","30-05-2026","Natural Granite","KOTA 42x30",36.0,24.0,42.0,30.0,2.0,17.5,60.0,1050.0,"To Deliver and Bill"
"SAL-ORD-2026-00560","30-05-2026","Natural Granite","KOTA 54x30",48.0,24.0,54.0,30.0,1.0,11.25,66.0,742.5,"To Deliver and Bill"
"SAL-ORD-2026-00560","30-05-2026","Natural Granite","KOTA 96x30",90.0,24.0,96.0,30.0,1.0,20.0,84.0,1680.0,"To Deliver and Bill"
"SAL-ORD-2026-00561","30-05-2026","Vikash Tiles","Farma",0.0,0.0,0.0,0.0,0.0,1.0,500.0,500.0,"To Deliver and Bill"
"SAL-ORD-2026-00561","30-05-2026","Vikash Tiles","R Black",70.0,3.0,0.0,0.0,1.0,1.5,80.0,120.0,"To Deliver and Bill"
"SAL-ORD-2026-00561","30-05-2026","Vikash Tiles","Dhar MouldG",70.0,3.0,0.0,0.0,1.0,12.0,10.0,120.0,"To Deliver and Bill"
"SAL-ORD-2026-00561","30-05-2026","Vikash Tiles","R Black",30.5,20.0,0.0,0.0,2.0,9.625,80.0,770.0,"To Deliver and Bill"
"SAL-ORD-2026-00561","30-05-2026","Vikash Tiles","Dhar MouldG",30.5,20.0,0.0,0.0,2.0,5.5,10.0,55.0,"To Deliver and Bill"
"SAL-ORD-2026-00561","30-05-2026","Vikash Tiles","R Black",38.0,2.5,0.0,0.0,1.0,0.812,80.0,64.96,"To Deliver and Bill"
"SAL-ORD-2026-00561","30-05-2026","Vikash Tiles","R Black",24.0,2.5,0.0,0.0,1.0,0.5,80.0,40.0,"To Deliver and Bill"
"SAL-ORD-2026-00561","30-05-2026","Vikash Tiles","Dhar MouldG",38.0,2.5,0.0,0.0,1.0,6.5,10.0,65.0,"To Deliver and Bill"
"SAL-ORD-2026-00561","30-05-2026","Vikash Tiles","R Black",36.0,22.0,0.0,0.0,2.0,12.0,80.0,960.0,"To Deliver and Bill"
"SAL-ORD-2026-00561","30-05-2026","Vikash Tiles","Dhar MouldG",24.0,2.5,0.0,0.0,1.0,4.0,10.0,40.0,"To Deliver and Bill"
"SAL-ORD-2026-00562","30-05-2026","Cash x Carry","Full Round MouldG",27.25,21.5,0.0,0.0,1.0,6.5,20.0,130.0,"To Deliver and Bill"
"SAL-ORD-2026-00562","30-05-2026","Cash x Carry","R Black",27.25,21.5,0.0,0.0,1.0,5.0,84.0,420.0,"To Deliver and Bill"
"SAL-ORD-2026-00563","30-05-2026","Motiram","P White",45.0,27.0,0.0,0.0,4.0,33.75,65.0,2193.75,"To Deliver and Bill"
"SAL-ORD-2026-00563","30-05-2026","Motiram","P White",34.0,27.0,0.0,0.0,7.0,47.25,65.0,3071.25,"To Deliver and Bill"
"SAL-ORD-2026-00563","30-05-2026","Motiram","P White",42.0,29.0,0.0,0.0,1.0,8.75,65.0,568.75,"To Deliver and Bill"
"SAL-ORD-2026-00563","30-05-2026","Motiram","P White",48.0,2.0,0.0,0.0,2.0,2.0,65.0,130.0,"To Deliver and Bill"
"SAL-ORD-2026-00563","30-05-2026","Motiram","P White",48.0,21.0,0.0,0.0,4.0,28.0,65.0,1820.0,"To Deliver and Bill"
"SAL-ORD-2026-00563","30-05-2026","Motiram","P White",48.0,2.0,0.0,0.0,2.0,2.0,65.0,130.0,"To Deliver and Bill"
"SAL-ORD-2026-00563","30-05-2026","Motiram","P White",48.0,27.0,0.0,0.0,4.0,36.0,65.0,2340.0,"To Deliver and Bill"
"SAL-ORD-2026-00563","30-05-2026","Motiram","P White",37.0,21.0,0.0,0.0,14.0,79.625,65.0,5175.62,"To Deliver and Bill"
"SAL-ORD-2026-00563","30-05-2026","Motiram","P White",42.0,27.0,0.0,0.0,4.0,31.5,65.0,2047.5,"To Deliver and Bill"
"SAL-ORD-2026-00563","30-05-2026","Motiram","P White",43.0,21.0,0.0,0.0,1.0,6.562,65.0,426.53,"To Deliver and Bill"
"SAL-ORD-2026-00563","30-05-2026","Motiram","P White",46.0,23.0,0.0,0.0,1.0,8.0,65.0,520.0,"To Deliver and Bill"
"SAL-ORD-2026-00563","30-05-2026","Motiram","P White",42.0,21.0,0.0,0.0,4.0,24.5,65.0,1592.5,"To Deliver and Bill"
"SAL-ORD-2026-00565","30-05-2026","Majjisha Rishi","KOTA 24x18",23.0,17.0,24.0,18.0,6.0,18.0,36.0,648.0,"To Deliver and Bill"
"SAL-ORD-2026-00600","30-05-2026","Natural Granite","KOTA 42x30",41.0,27.0,42.0,30.0,1.0,8.75,60.0,525.0,"To Deliver and Bill"
"SAL-ORD-2026-00600","30-05-2026","Natural Granite","KOTA 48x30",47.0,27.0,48.0,30.0,1.0,10.0,63.0,630.0,"To Deliver and Bill"
"SAL-ORD-2026-00600","30-05-2026","Natural Granite","KOTA 42x24",41.0,23.0,42.0,24.0,4.0,28.0,49.0,1372.0,"To Deliver and Bill"
"SAL-ORD-2026-00600","30-05-2026","Natural Granite","KOTA 48x24",47.0,23.0,48.0,24.0,4.0,32.0,50.0,1600.0,"To Deliver and Bill"
"SAL-ORD-2026-00680","30-05-2026","Subam","Kaddpa 30x24 LDR",29.0,15.0,30.0,24.0,10.0,50.0,45.0,2250.0,"To Deliver and Bill"
"SAL-ORD-2026-00687","30-05-2026","Mukesh G G","KOTA 22x22 RAJ RUF J",22.0,22.0,24.0,24.0,150.0,600.0,31.0,18600.0,"To Deliver and Bill"
"SAL-ORD-2026-00688","30-05-2026","Bharat Chamunda Stone","KOTA 23x17 RAJ J",23.0,17.0,24.0,18.0,191.0,573.0,33.0,18909.0,"To Deliver and Bill"
"SAL-ORD-2026-00689","30-05-2026","Chiku Bhai","KOTA 22x22 RAJ P",22.0,22.0,24.0,24.0,45.0,180.0,30.0,5400.0,"To Deliver and Bill"
"SAL-ORD-2026-00690","30-05-2026","Bharat Chamunda Stone","KOTA 22x16 RAJ RUF",22.0,16.0,24.0,18.0,60.0,180.0,29.0,5220.0,"To Deliver and Bill"
"SAL-ORD-2026-00691","30-05-2026","Kamdhenu G","KOTA 22x22 RAJ J",22.0,22.0,24.0,24.0,6.0,24.0,32.0,768.0,"To Deliver and Bill"
"SAL-ORD-2026-00692","30-05-2026","Bharat Chamunda Stone","KOTA 23x17 RAJ J",23.0,17.0,24.0,18.0,100.0,300.0,33.0,9900.0,"To Deliver and Bill"
"SAL-ORD-2026-00693","30-05-2026","Hardhik K.C","KOTA 22x22 RAJ P",22.0,22.0,24.0,24.0,25.0,100.0,30.0,3000.0,"To Deliver and Bill"
"SAL-ORD-2026-00694","30-05-2026","Umiya Sales Vithal Bhai","KOTA 22x16 RAJ RUF",22.0,16.0,24.0,18.0,40.0,120.0,29.0,3480.0,"To Deliver and Bill"
"SAL-ORD-2026-00713","30-05-2026","Bharat Chamunda Stone","KOTA 24x18 RAJ G",23.0,17.0,24.0,18.0,15.0,45.0,36.0,1620.0,"To Deliver and Bill"
"SAL-ORD-2026-00544","29-05-2026","Radhe Stone Kayur Bhai","Neno White",35.25,29.75,0.0,0.0,1.0,7.5,430.0,3225.0,"To Deliver and Bill"
"SAL-ORD-2026-00545","29-05-2026","Ramji Kaluram","Neno White",57.5,17.75,0.0,0.0,1.0,7.5,430.0,3225.0,"To Deliver and Bill"
"SAL-ORD-2026-00546","29-05-2026","Siddhhi Vinayak Himanshu","KOTA 54x24",52.0,18.0,54.0,24.0,4.0,36.0,52.0,1872.0,"To Deliver and Bill"
"SAL-ORD-2026-00546","29-05-2026","Siddhhi Vinayak Himanshu","KOTA 24x18",22.75,16.5,24.0,18.0,42.0,126.0,36.0,4536.0,"To Deliver and Bill"
"SAL-ORD-2026-00547","29-05-2026","Bhagawati Stone","KOTA 48x30",44.0,27.0,48.0,30.0,2.0,20.0,63.0,1260.0,"To Deliver and Bill"
"SAL-ORD-2026-00548","29-05-2026","Salachar G","KOTA 54x30",50.0,13.0,54.0,30.0,6.0,33.75,66.0,2227.5,"To Deliver and Bill"
"SAL-ORD-2026-00548","29-05-2026","Salachar G","KOTA 36x30",30.0,25.0,36.0,30.0,1.0,7.5,58.0,435.0,"To Deliver and Bill"
"SAL-ORD-2026-00548","29-05-2026","Salachar G","KOTA 60x30",59.0,25.0,60.0,30.0,2.0,25.0,69.0,1725.0,"To Deliver and Bill"
"SAL-ORD-2026-00549","29-05-2026","Chirag Tirupati Balaji","P White",60.0,26.0,0.0,0.0,1.0,11.25,65.0,731.25,"To Deliver and Bill"
"SAL-ORD-2026-00550","29-05-2026","Salachar G","Kaddpa 24x24 ROU",22.0,22.0,24.0,24.0,100.0,400.0,32.0,12800.0,"To Deliver and Bill"
"SAL-ORD-2026-00550","29-05-2026","Salachar G","Kaddpa 42x24 ROU",42.0,24.0,0.0,0.0,60.0,420.0,32.0,13440.0,"To Deliver and Bill"
"SAL-ORD-2026-00551","29-05-2026","Reva Mohit","KOTA 72x30",71.0,29.0,72.0,30.0,1.0,15.0,73.0,1095.0,"To Deliver and Bill"
"SAL-ORD-2026-00551","29-05-2026","Reva Mohit","KOTA 66x30",63.0,29.0,66.0,30.0,1.0,13.75,70.0,962.5,"To Deliver and Bill"
"SAL-ORD-2026-00601","29-05-2026","Cash x Carry","P White",30.0,5.0,0.0,0.0,2.0,2.5,65.0,162.5,"To Deliver and Bill"
"SAL-ORD-2026-00601","29-05-2026","Cash x Carry","P White",81.0,6.0,0.0,0.0,2.0,6.75,65.0,438.75,"To Deliver and Bill"
"SAL-ORD-2026-00601","29-05-2026","Cash x Carry","P White",30.0,8.0,0.0,0.0,2.0,3.75,65.0,243.75,"To Deliver and Bill"
"SAL-ORD-2026-00601","29-05-2026","Cash x Carry","P White",81.0,3.0,0.0,0.0,4.0,6.75,65.0,438.75,"To Deliver and Bill"
"SAL-ORD-2026-00601","29-05-2026","Cash x Carry","P White",30.0,3.0,0.0,0.0,2.0,1.25,65.0,81.25,"To Deliver and Bill"
"SAL-ORD-2026-00601","29-05-2026","Cash x Carry","P White",81.0,5.0,36.0,18.0,2.0,6.75,65.0,438.75,"To Deliver and Bill"
"SAL-ORD-2026-00602","29-05-2026","Cash x Carry","KOTA 72x24",71.0,23.0,72.0,24.0,1.0,12.0,65.0,780.0,"To Deliver and Bill"
"SAL-ORD-2026-00602","29-05-2026","Cash x Carry","Kaddpa 72x24",71.0,23.0,72.0,24.0,1.0,12.0,70.0,840.0,"To Deliver and Bill"
"SAL-ORD-2026-00602","29-05-2026","Cash x Carry","KOTA 72x24",71.0,5.0,72.0,24.0,1.0,3.0,65.0,195.0,"To Deliver and Bill"
"SAL-ORD-2026-00602","29-05-2026","Cash x Carry","KOTA 36x24",35.0,22.0,36.0,24.0,2.0,12.0,50.0,600.0,"To Deliver and Bill"
"SAL-ORD-2026-00602","29-05-2026","Cash x Carry","KOTA 48x24",42.0,5.0,48.0,24.0,1.0,2.0,50.0,100.0,"To Deliver and Bill"
"SAL-ORD-2026-00602","29-05-2026","Cash x Carry","KOTA 42x24",41.0,23.0,42.0,24.0,1.0,7.0,55.0,385.0,"To Deliver and Bill"
"SAL-ORD-2026-00602","29-05-2026","Cash x Carry","Kaddpa 42x24",41.0,23.0,42.0,24.0,1.0,7.0,55.0,385.0,"To Deliver and Bill"
"SAL-ORD-2026-00602","29-05-2026","Cash x Carry","DP",0.0,0.0,0.0,0.0,1.0,7.0,10.0,70.0,"To Deliver and Bill"
"SAL-ORD-2026-00602","29-05-2026","Cash x Carry","DP",0.0,0.0,0.0,0.0,1.0,19.0,10.0,190.0,"To Deliver and Bill"
"SAL-ORD-2026-00603","29-05-2026","Bharat Chamunda Stone","Granite Job Work",45.0,36.0,0.0,0.0,1.0,11.25,10.0,112.5,"To Deliver and Bill"
"SAL-ORD-2026-00603","29-05-2026","Bharat Chamunda Stone","Granite Job Work",39.0,36.0,0.0,0.0,3.0,29.25,10.0,292.5,"To Deliver and Bill"
"SAL-ORD-2026-00603","29-05-2026","Bharat Chamunda Stone","Granite Job Work",36.0,34.0,0.0,0.0,2.0,18.0,10.0,180.0,"To Deliver and Bill"
"SAL-ORD-2026-00603","29-05-2026","Bharat Chamunda Stone","Granite Job Work",40.0,36.0,0.0,0.0,2.0,21.0,10.0,210.0,"To Deliver and Bill"
"SAL-ORD-2026-00695","29-05-2026","Radhe Stone Kayur Bhai","KOTA 24x24 RAJ G",22.5,22.5,24.0,24.0,70.0,280.0,37.0,10360.0,"To Deliver and Bill"
"SAL-ORD-2026-00696","29-05-2026","Dhanlaxmi Zundal","KOTA 22x16 RAJ P",22.0,16.0,24.0,18.0,100.0,300.0,29.0,8700.0,"To Deliver and Bill"
"SAL-ORD-2026-00697","29-05-2026","A G M   Vinod","KOTA 24x24 RAJ G",22.5,22.5,24.0,24.0,170.0,680.0,36.0,24480.0,"To Deliver and Bill"
"SAL-ORD-2026-00698","29-05-2026","Dhanlaxmi Zundal","KOTA 22x22 RAJ P",22.0,22.0,24.0,24.0,160.0,640.0,30.0,19200.0,"To Deliver and Bill"
"SAL-ORD-2026-00699","29-05-2026","Mukesh G G","KOTA 22x22 RAJ RUF J",22.0,22.0,24.0,24.0,150.0,600.0,31.0,18600.0,"To Deliver and Bill"
"SAL-ORD-2026-00700","29-05-2026","Mahaveer Granite","KOTA 24x24 RAJ G",22.5,22.5,24.0,24.0,10.0,40.0,37.0,1480.0,"To Deliver and Bill"
"SAL-ORD-2026-00718","29-05-2026","Dr Sumit Patel","KOTA 22x22 RAJ P",22.0,22.0,24.0,24.0,150.0,600.0,31.0,18600.0,"To Deliver and Bill"
"SAL-ORD-2026-00719","29-05-2026","Dr Sumit Patel","R Black",113.0,34.0,0.0,0.0,4.0,106.72,75.0,8004.0,"To Deliver and Bill"
"SAL-ORD-2026-00719","29-05-2026","Dr Sumit Patel","R Black",68.0,34.0,0.0,0.0,1.0,16.05,75.0,1203.75,"To Deliver and Bill"
"SAL-ORD-2026-00719","29-05-2026","Dr Sumit Patel","KOTA 22x22 RAJ P",22.0,22.0,24.0,24.0,50.0,200.0,31.0,6200.0,"To Deliver and Bill"
"SAL-ORD-2026-00720","29-05-2026","Govind Miy Gandhinagar","KOTA 22x16 RAJ P",22.0,16.0,24.0,18.0,100.0,300.0,29.0,8700.0,"To Deliver and Bill"
"SAL-ORD-2026-00532","28-05-2026","Chadubhai Balaji","Neno White",82.75,17.0,0.0,0.0,1.0,10.5,430.0,4515.0,"To Deliver and Bill"
"SAL-ORD-2026-00532","28-05-2026","Chadubhai Balaji","Neno White",82.0,17.5,0.0,0.0,1.0,10.5,430.0,4515.0,"To Deliver and Bill"
"SAL-ORD-2026-00532","28-05-2026","Chadubhai Balaji","Neno White",83.5,15.5,0.0,0.0,1.0,10.5,430.0,4515.0,"To Deliver and Bill"
"SAL-ORD-2026-00533","28-05-2026","Saras Granite","R Black",24.0,24.0,0.0,0.0,1.0,4.0,75.0,300.0,"To Deliver and Bill"
"SAL-ORD-2026-00533","28-05-2026","Saras Granite","R Black",32.0,24.0,0.0,0.0,3.0,16.5,75.0,1237.5,"To Deliver and Bill"
"SAL-ORD-2026-00533","28-05-2026","Saras Granite","R Black",21.0,17.0,0.0,0.0,1.0,2.625,75.0,196.88,"To Deliver and Bill"
"SAL-ORD-2026-00533","28-05-2026","Saras Granite","R Black",39.0,4.0,0.0,0.0,2.0,3.25,75.0,243.75,"To Deliver and Bill"
"SAL-ORD-2026-00533","28-05-2026","Saras Granite","R Black",42.0,6.0,0.0,0.0,2.0,3.5,75.0,262.5,"To Deliver and Bill"
"SAL-ORD-2026-00533","28-05-2026","Saras Granite","R Black",48.0,12.0,0.0,0.0,4.0,16.0,75.0,1200.0,"To Deliver and Bill"
"SAL-ORD-2026-00533","28-05-2026","Saras Granite","R Black",96.0,24.0,0.0,0.0,1.0,16.0,75.0,1200.0,"To Deliver and Bill"
"SAL-ORD-2026-00533","28-05-2026","Saras Granite","R Black",28.5,24.0,0.0,0.0,1.0,5.0,75.0,375.0,"To Deliver and Bill"
"SAL-ORD-2026-00533","28-05-2026","Saras Granite","R Black",96.0,12.0,0.0,0.0,1.0,8.0,75.0,600.0,"To Deliver and Bill"
"SAL-ORD-2026-00533","28-05-2026","Saras Granite","R Black",39.0,3.5,0.0,0.0,2.0,3.25,75.0,243.75,"To Deliver and Bill"
"SAL-ORD-2026-00533","28-05-2026","Saras Granite","R Black",84.0,4.0,0.0,0.0,8.0,28.0,75.0,2100.0,"To Deliver and Bill"
"SAL-ORD-2026-00533","28-05-2026","Saras Granite","R Black",42.0,30.0,0.0,0.0,1.0,8.75,75.0,656.25,"To Deliver and Bill"
"SAL-ORD-2026-00533","28-05-2026","Saras Granite","R Black",84.0,6.0,0.0,0.0,4.0,14.0,75.0,1050.0,"To Deliver and Bill"
"SAL-ORD-2026-00533","28-05-2026","Saras Granite","R Black",84.0,3.5,0.0,0.0,8.0,28.0,75.0,2100.0,"To Deliver and Bill"
"SAL-ORD-2026-00533","28-05-2026","Saras Granite","R Black",24.0,18.0,0.0,0.0,1.0,3.0,75.0,225.0,"To Deliver and Bill"
"SAL-ORD-2026-00533","28-05-2026","Saras Granite","R Black",96.0,28.5,0.0,0.0,1.0,20.0,75.0,1500.0,"To Deliver and Bill"
"SAL-ORD-2026-00533","28-05-2026","Saras Granite","R Black",30.0,3.5,0.0,0.0,2.0,2.5,75.0,187.5,"To Deliver and Bill"
"SAL-ORD-2026-00533","28-05-2026","Saras Granite","R Black",30.0,4.0,0.0,0.0,4.0,5.0,75.0,375.0,"To Deliver and Bill"
"SAL-ORD-2026-00533","28-05-2026","Saras Granite","R Black",24.0,12.0,0.0,0.0,1.0,2.0,75.0,150.0,"To Deliver and Bill"
"SAL-ORD-2026-00534","28-05-2026","Ambika Dilip","Dhar MouldG",78.3,17.4,0.0,0.0,1.0,9.75,25.0,243.75,"To Deliver and Bill"
"SAL-ORD-2026-00534","28-05-2026","Ambika Dilip","Neno White",78.3,17.4,0.0,0.0,1.0,10.125,400.0,4050.0,"To Deliver and Bill"
"SAL-ORD-2026-00535","28-05-2026","Ambamani Ramesh","Neno White",39.5,16.0,0.0,0.0,1.0,5.25,400.0,2100.0,"To Deliver and Bill"
"SAL-ORD-2026-00535","28-05-2026","Ambamani Ramesh","Neno White",84.5,33.0,0.0,0.0,1.0,19.938,400.0,7975.2,"To Deliver and Bill"
"SAL-ORD-2026-00536","28-05-2026","Motiram","KOTA 54x30",53.0,14.5,54.0,30.0,1.0,6.75,66.0,445.5,"To Deliver and Bill"
"SAL-ORD-2026-00536","28-05-2026","Motiram","KOTA 66x24",61.0,11.5,66.0,24.0,1.0,5.5,58.0,319.0,"To Deliver and Bill"
"SAL-ORD-2026-00536","28-05-2026","Motiram","KOTA 48x30",47.0,14.5,48.0,30.0,2.0,10.0,63.0,630.0,"To Deliver and Bill"
"SAL-ORD-2026-00537","28-05-2026","Reva Mohit","KOTA 24x24 RIV",22.0,22.0,24.0,24.0,69.0,276.0,40.0,11040.0,"To Deliver and Bill"
"SAL-ORD-2026-00538","28-05-2026","Natural Granite","KOTA 54x24",50.0,18.0,54.0,24.0,4.0,36.0,52.0,1872.0,"To Deliver and Bill"
"SAL-ORD-2026-00539","28-05-2026","Cash x Carry","KOTA 22x16 RAJ J",22.0,16.0,24.0,18.0,30.0,90.0,32.0,2880.0,"To Deliver and Bill"
"SAL-ORD-2026-00540","28-05-2026","Natural Granite","KOTA 22x22 RAJ P",22.0,22.0,24.0,24.0,25.0,100.0,30.0,3000.0,"To Deliver and Bill"
"SAL-ORD-2026-00541","28-05-2026","Reva Mohit","KOTA 48x30",47.0,29.0,48.0,30.0,13.0,130.0,63.0,8190.0,"To Deliver and Bill"
"SAL-ORD-2026-00541","28-05-2026","Reva Mohit","KOTA 36x30",35.0,29.0,36.0,30.0,3.0,22.5,58.0,1305.0,"To Deliver and Bill"
"SAL-ORD-2026-00542","28-05-2026","Cash x Carry","KOTA 24x18 RAJ G",23.0,17.0,24.0,18.0,37.0,111.0,36.04,4000.44,"To Deliver and Bill"
"SAL-ORD-2026-00543","28-05-2026","Peral G","Neno White",30.0,30.0,0.0,0.0,1.0,6.25,400.0,2500.0,"To Deliver and Bill"
"SAL-ORD-2026-00543","28-05-2026","Peral G","Neno White",18.0,18.0,0.0,0.0,1.0,2.25,400.0,900.0,"To Deliver and Bill"
"SAL-ORD-2026-00605","28-05-2026","Hariom","KOTA 78x24 UNC",77.0,23.0,78.0,24.0,12.0,156.0,62.0,9672.0,"To Deliver and Bill"
"SAL-ORD-2026-00679","28-05-2026","Majjisha Rishi","KOTA 11x11 RAJ",11.0,11.0,0.0,0.0,15.0,15.0,25.0,375.0,"To Deliver and Bill"
"SAL-ORD-2026-00701","28-05-2026","Jay Shree Marble","KOTA 22x22 RAJ J",22.0,22.0,24.0,24.0,105.0,420.0,32.0,13440.0,"To Deliver and Bill"
"SAL-ORD-2026-00702","28-05-2026","Reva Mohit","KOTA PATI",23.0,3.0,0.0,0.0,25.0,50.0,12.0,600.0,"To Deliver and Bill"
"SAL-ORD-2026-00703","28-05-2026","Dhanlaxmi Zundal","KOTA 22x22 RAJ P",22.0,22.0,24.0,24.0,264.0,1056.0,30.0,31680.0,"To Deliver and Bill"
"SAL-ORD-2026-00704","28-05-2026","Dhanlaxmi Zundal","KOTA 22x22 RAJ P",22.0,22.0,24.0,24.0,226.0,904.0,30.0,27120.0,"To Deliver and Bill"
"SAL-ORD-2026-00705","28-05-2026","Jay Bhawani Yug Darbar","KOTA 22x16 RAJ P",22.0,16.0,24.0,18.0,40.0,120.0,29.0,3480.0,"To Deliver and Bill"
"SAL-ORD-2026-00706","28-05-2026","Radhe Stone Kayur Bhai","KOTA 24x24 RAJ G",22.5,22.5,24.0,24.0,130.0,520.0,37.0,19240.0,"To Deliver and Bill"
"SAL-ORD-2026-00707","28-05-2026","Ambika Dilip","KOTA 22x22 RAJ P",22.0,22.0,24.0,24.0,100.0,400.0,30.0,12000.0,"To Deliver and Bill"
"SAL-ORD-2026-00523","27-05-2026","Mahalaxmi","R Black",46.0,5.5,0.0,0.0,1.0,2.0,80.0,160.0,"To Deliver and Bill"
"SAL-ORD-2026-00523","27-05-2026","Mahalaxmi","R Black",86.0,5.5,0.0,0.0,2.0,7.25,80.0,580.0,"To Deliver and Bill"
"SAL-ORD-2026-00524","27-05-2026","Natural Granite","KOTA 54x30",48.0,24.0,54.0,30.0,2.0,22.5,66.0,1485.0,"Draft"
"SAL-ORD-2026-00524","27-05-2026","Natural Granite","KOTA 36x30",30.0,24.0,36.0,30.0,2.0,15.0,58.0,870.0,"Draft"
"SAL-ORD-2026-00524","27-05-2026","Natural Granite","KOTA 30x24",24.0,20.0,30.0,24.0,1.0,5.0,43.0,215.0,"Draft"
"SAL-ORD-2026-00524","27-05-2026","Natural Granite","KOTA 36x30 DP",30.0,24.0,36.0,30.0,1.0,7.5,66.0,495.0,"Draft"
"SAL-ORD-2026-00526","27-05-2026","Natural Granite","KOTA 78x24 DP",73.0,17.0,78.0,24.0,3.0,39.0,70.0,2730.0,"To Deliver and Bill"
"SAL-ORD-2026-00527","27-05-2026","Mehta Ceramic","J D Brown",130.0,38.0,0.0,0.0,6.0,189.0,90.0,17010.0,"To Deliver and Bill"
"SAL-ORD-2026-00529","27-05-2026","Himal Symbol Interior","R Black",37.0,20.0,0.0,0.0,1.0,5.688,95.0,540.36,"To Deliver and Bill"
"SAL-ORD-2026-00529","27-05-2026","Himal Symbol Interior","Dhar MouldG",37.0,20.0,0.0,0.0,1.0,5.0,15.0,75.0,"To Deliver and Bill"
"SAL-ORD-2026-00529","27-05-2026","Himal Symbol Interior","Dhar MouldG",37.0,12.0,0.0,0.0,1.0,7.5,15.0,112.5,"To Deliver and Bill"
"SAL-ORD-2026-00529","27-05-2026","Himal Symbol Interior","R Black",37.0,12.0,0.0,0.0,1.0,3.25,96.0,312.0,"To Deliver and Bill"
"SAL-ORD-2026-00529","27-05-2026","Himal Symbol Interior","Farma",0.0,0.0,0.0,0.0,1.0,1.0,600.0,600.0,"To Deliver and Bill"
"SAL-ORD-2026-00531","27-05-2026","Cash x Carry","DP",0.0,0.0,0.0,0.0,0.0,4.0,20.0,80.0,"To Deliver and Bill"
"SAL-ORD-2026-00531","27-05-2026","Cash x Carry","KOTA 54x24",50.0,21.0,54.0,24.0,2.0,18.0,57.0,1026.0,"To Deliver and Bill"
"SAL-ORD-2026-00606","27-05-2026","Cash x Carry","KOTA 24x24 DP",19.0,19.0,24.0,24.0,8.0,32.0,40.0,1280.0,"To Deliver and Bill"
"SAL-ORD-2026-00606","27-05-2026","Cash x Carry","Dhar Mould",27.0,27.0,0.0,0.0,2.0,5.0,15.0,75.0,"To Deliver and Bill"
"SAL-ORD-2026-00606","27-05-2026","Cash x Carry","Dhar Mould",19.0,19.0,0.0,0.0,8.0,16.0,15.0,240.0,"To Deliver and Bill"
"SAL-ORD-2026-00606","27-05-2026","Cash x Carry","KOTA 30x30 FIN",27.0,27.0,30.0,30.0,2.0,12.5,81.0,1012.5,"To Deliver and Bill"
"SAL-ORD-2026-00606","27-05-2026","Cash x Carry","DP",0.0,0.0,0.0,0.0,1.0,44.5,8.0,356.0,"To Deliver and Bill"
"SAL-ORD-2026-00607","27-05-2026","Nil Tiles","R Black",74.0,3.0,0.0,0.0,2.0,3.125,80.0,250.0,"To Deliver and Bill"
"SAL-ORD-2026-00608","27-05-2026","Navkar Sumit","KOTA 48x30",43.0,25.0,48.0,30.0,1.0,10.0,63.0,630.0,"To Deliver and Bill"
"SAL-ORD-2026-00608","27-05-2026","Navkar Sumit","KOTA 42x30",37.0,25.0,42.0,30.0,2.0,17.5,60.0,1050.0,"To Deliver and Bill"
"SAL-ORD-2026-00608","27-05-2026","Navkar Sumit","KOTA 36x30",32.0,25.0,36.0,30.0,2.0,15.0,58.0,870.0,"To Deliver and Bill"
"SAL-ORD-2026-00608","27-05-2026","Navkar Sumit","KOTA 48x30",42.0,25.0,48.0,30.0,2.0,20.0,63.0,1260.0,"To Deliver and Bill"
"SAL-ORD-2026-00609","27-05-2026","Subam","P White",50.0,21.0,0.0,0.0,1.0,7.438,65.0,483.47,"To Deliver and Bill"
"SAL-ORD-2026-00609","27-05-2026","Subam","P White",21.0,21.0,0.0,0.0,2.0,6.125,65.0,398.12,"To Deliver and Bill"
"SAL-ORD-2026-00609","27-05-2026","Subam","P White",45.0,24.0,0.0,0.0,1.0,7.5,65.0,487.5,"To Deliver and Bill"
"SAL-ORD-2026-00610","27-05-2026","Saras Granite","Farma",0.0,0.0,0.0,0.0,0.0,1.0,500.0,500.0,"To Deliver and Bill"
"SAL-ORD-2026-00610","27-05-2026","Saras Granite","Full Round MouldG",36.5,15.5,0.0,0.0,1.0,3.25,25.0,81.25,"To Deliver and Bill"
"SAL-ORD-2026-00610","27-05-2026","Saras Granite","Neno White",36.5,15.5,0.0,0.0,1.0,4.875,430.0,2096.25,"To Deliver and Bill"
"SAL-ORD-2026-00611","27-05-2026","Rocks Studio","KOTA 42x36 LDR",36.0,32.0,42.0,36.0,1.0,10.5,110.0,1155.0,"To Deliver and Bill"
"SAL-ORD-2026-00611","27-05-2026","Rocks Studio","KOTA 66x36 LDR",60.0,35.0,66.0,36.0,1.0,16.5,120.0,1980.0,"To Deliver and Bill"
"SAL-ORD-2026-00611","27-05-2026","Rocks Studio","KOTA 36x30 LDR",30.0,24.0,36.0,30.0,1.0,7.5,66.0,495.0,"To Deliver and Bill"
"SAL-ORD-2026-00611","27-05-2026","Rocks Studio","KOTA 54x36 LDR",49.0,30.0,54.0,36.0,2.0,27.0,115.0,3105.0,"To Deliver and Bill"
"SAL-ORD-2026-00611","27-05-2026","Rocks Studio","KOTA 54x36 LDR",49.0,32.0,54.0,36.0,1.0,13.5,115.0,1552.5,"To Deliver and Bill"
"SAL-ORD-2026-00708","27-05-2026","Dev Narayan Sankar","KOTA 24x18 RAJ G",23.0,17.0,24.0,18.0,55.0,165.0,36.0,5940.0,"To Deliver and Bill"
"SAL-ORD-2026-00709","27-05-2026","Manish (Saras Granite)","KOTA 23x17 RAJ J",23.0,17.0,24.0,18.0,9.0,27.0,33.0,891.0,"To Deliver and Bill"
"SAL-ORD-2026-00710","27-05-2026","Mahaveer Granite","KOTA 23x17 RAJ J",23.0,17.0,24.0,18.0,10.0,30.0,35.0,1050.0,"To Deliver and Bill"
"SAL-ORD-2026-00711","27-05-2026","Mahaveer Granite","KOTA 24x18 UNC",22.0,16.0,0.0,0.0,6.0,18.0,33.0,594.0,"To Deliver and Bill"
"SAL-ORD-2026-00717","27-05-2026","Aamarkunj Alphoton","KOTA 24x18 RAJ G",23.0,17.0,24.0,18.0,1200.0,3600.0,36.0,129600.0,"To Deliver and Bill"
"SAL-ORD-2026-00723","27-05-2026","Natural Granite","KOTA 22x16 RAJ P",22.0,16.0,24.0,18.0,13.0,39.0,29.0,1131.0,"To Deliver and Bill"
"SAL-ORD-2026-00506","26-05-2026","Salachar G","KOTA 42x24 FIN",40.0,21.0,42.0,24.0,3.0,21.0,57.0,1197.0,"To Deliver and Bill"
"SAL-ORD-2026-00506","26-05-2026","Salachar G","KOTA 60x24 FIN",58.0,11.5,60.0,24.0,1.0,5.0,65.0,325.0,"To Deliver and Bill"
"SAL-ORD-2026-00506","26-05-2026","Salachar G","KOTA 48x24 FIN",43.0,16.0,48.0,24.0,2.0,16.0,58.0,928.0,"To Deliver and Bill"
"SAL-ORD-2026-00506","26-05-2026","Salachar G","KOTA 42x24 FIN",40.0,22.0,42.0,24.0,3.0,21.0,57.0,1197.0,"To Deliver and Bill"
"SAL-ORD-2026-00506","26-05-2026","Salachar G","KOTA 48x24 FIN",43.0,17.0,48.0,24.0,2.0,16.0,58.0,928.0,"To Deliver and Bill"
"SAL-ORD-2026-00507","26-05-2026","Mahaveer Jitu","Neno White",86.0,2.0,0.0,0.0,2.0,3.625,425.0,1540.62,"To Deliver and Bill"
"SAL-ORD-2026-00507","26-05-2026","Mahaveer Jitu","Neno White",86.0,20.0,0.0,0.0,1.0,12.688,425.0,5392.4,"To Deliver and Bill"
"SAL-ORD-2026-00508","26-05-2026","Mahaveer Jitu","Neno White",38.0,20.9,0.0,0.0,1.0,5.688,425.0,2417.4,"To Deliver and Bill"
"SAL-ORD-2026-00509","26-05-2026","Subam","P White",75.0,27.0,0.0,0.0,1.0,14.062,65.0,914.03,"To Deliver and Bill"
"SAL-ORD-2026-00510","26-05-2026","Bhoomaa Marble","KOTA 30x30 DP",29.0,25.0,30.0,30.0,1.0,6.25,66.0,412.5,"To Deliver and Bill"
"SAL-ORD-2026-00510","26-05-2026","Bhoomaa Marble","KOTA 96x30",90.0,25.0,96.0,30.0,1.0,20.0,84.0,1680.0,"To Deliver and Bill"
"SAL-ORD-2026-00510","26-05-2026","Bhoomaa Marble","KOTA 36x30",33.0,25.0,36.0,30.0,1.0,7.5,58.0,435.0,"To Deliver and Bill"
"SAL-ORD-2026-00510","26-05-2026","Bhoomaa Marble","KOTA 30x30",29.0,25.0,30.0,30.0,1.0,6.25,56.0,350.0,"To Deliver and Bill"
"SAL-ORD-2026-00510","26-05-2026","Bhoomaa Marble","KOTA 30x30",29.0,25.0,30.0,30.0,1.0,6.25,56.0,350.0,"To Deliver and Bill"
"SAL-ORD-2026-00510","26-05-2026","Bhoomaa Marble","KOTA 96x30",93.0,25.0,96.0,30.0,1.0,20.0,84.0,1680.0,"To Deliver and Bill"
"SAL-ORD-2026-00510","26-05-2026","Bhoomaa Marble","KOTA 84x30",81.0,25.0,84.0,30.0,1.0,17.5,77.0,1347.5,"To Deliver and Bill"
"SAL-ORD-2026-00511","26-05-2026","Natural Granite","KOTA 48x24",47.0,18.0,48.0,24.0,1.0,8.0,50.0,400.0,"To Deliver and Bill"
"SAL-ORD-2026-00512","26-05-2026","Cash x Carry","KOTA 24x18 RAJ G",23.0,17.0,24.0,18.0,500.0,1500.0,36.0,54000.0,"To Deliver and Bill"
"SAL-ORD-2026-00514","26-05-2026","Hanuman Granite","KOTA 48x24",47.0,23.0,48.0,24.0,1.0,8.0,50.0,400.0,"To Deliver and Bill"
"SAL-ORD-2026-00514","26-05-2026","Hanuman Granite","KOTA 60x24",59.0,23.0,60.0,24.0,4.0,40.0,57.0,2280.0,"To Deliver and Bill"
"SAL-ORD-2026-00515","26-05-2026","Sangam","Neno White",82.25,26.0,0.0,0.0,1.0,15.75,400.0,6300.0,"To Deliver and Bill"
"SAL-ORD-2026-00516","26-05-2026","Reva Mohit","KOTA 60x30 DP",54.0,29.5,60.0,30.0,3.0,37.5,77.0,2887.5,"To Deliver and Bill"
"SAL-ORD-2026-00516","26-05-2026","Reva Mohit","KOTA 54x30 DP",49.0,29.5,54.0,30.0,3.0,33.75,74.0,2497.5,"To Deliver and Bill"
"SAL-ORD-2026-00517","26-05-2026","Rudra Granite","KOTA 24x24 UNC",23.0,23.0,24.0,24.0,160.0,640.0,33.0,21120.0,"To Deliver and Bill"
"SAL-ORD-2026-00518","26-05-2026","Reva Mohit","KOTA 78x30",77.0,25.0,78.0,30.0,0.0,16.25,74.0,1202.5,"To Deliver and Bill"
"SAL-ORD-2026-00519","26-05-2026","Ambika Goutam","KOTA 78x24",75.0,20.0,78.0,24.0,5.0,65.0,62.0,4030.0,"To Deliver and Bill"
"SAL-ORD-2026-00520","26-05-2026","Saaras G Manish","KOTA 42x30 MIR",38.0,12.5,42.0,30.0,2.0,8.75,70.0,612.5,"Draft"
"SAL-ORD-2026-00520","26-05-2026","Saaras G Manish","KOTA 42x24 MIR",38.0,15.5,42.0,24.0,2.0,14.0,59.0,826.0,"Draft"
"SAL-ORD-2026-00521","26-05-2026","Vijay Marble Bablu","KOTA 24x24 RUF",22.0,22.0,24.0,24.0,25.0,100.0,31.0,3100.0,"To Deliver and Bill"
"SAL-ORD-2026-00522","26-05-2026","Stone Galaxy Rahul","KOTA 78x24",76.0,23.0,78.0,24.0,1.0,13.0,62.0,806.0,"To Deliver and Bill"
"SAL-ORD-2026-00612","26-05-2026","Ramesh D D Tiles","Dhar MouldG",59.2,24.5,0.0,0.0,1.0,7.25,15.0,108.75,"To Deliver and Bill"
"SAL-ORD-2026-00612","26-05-2026","Ramesh D D Tiles","Tiles Job Work",31.2,17.5,0.0,0.0,1.0,8.5,15.0,127.5,"To Deliver and Bill"
"SAL-ORD-2026-00612","26-05-2026","Ramesh D D Tiles","Dhar MouldG",31.2,17.5,0.0,0.0,1.0,8.5,15.0,127.5,"To Deliver and Bill"
"SAL-ORD-2026-00612","26-05-2026","Ramesh D D Tiles","Tiles Job Work",59.2,24.5,0.0,0.0,1.0,14.5,15.0,217.5,"To Deliver and Bill"
"SAL-ORD-2026-00613","26-05-2026","Saaras G Manish","DP",38.0,15.5,0.0,0.0,2.0,9.75,20.0,195.0,"Draft"
"SAL-ORD-2026-00613","26-05-2026","Saaras G Manish","KOTA 42x24 MIR",38.0,15.5,42.0,24.0,2.0,14.0,59.0,826.0,"Draft"
"SAL-ORD-2026-00613","26-05-2026","Saaras G Manish","DP",38.0,12.5,0.0,0.0,2.0,8.125,20.0,162.5,"Draft"
"SAL-ORD-2026-00613","26-05-2026","Saaras G Manish","KOTA 42x30 MIR",38.0,12.5,42.0,30.0,2.0,8.75,70.0,612.5,"Draft"
"SAL-ORD-2026-00674","26-05-2026","Kamdhenu G","KOTA 22x22 RAJ J",22.0,22.0,24.0,24.0,30.0,120.0,32.0,3840.0,"To Deliver and Bill"
"SAL-ORD-2026-00675","26-05-2026","Bhagawati Stone","KOTA 24x24 RAJ G",23.0,23.0,24.0,24.0,100.0,400.0,37.0,14800.0,"To Deliver and Bill"
"SAL-ORD-2026-00675","26-05-2026","Bhagawati Stone","KOTA 24x24 RAJ G",23.0,23.0,24.0,24.0,300.0,1200.0,37.0,44400.0,"To Deliver and Bill"
"SAL-ORD-2026-00676","26-05-2026","Ramlalji C","KOTA 22x16 RAJ P",22.0,16.0,24.0,18.0,7.0,21.0,29.0,609.0,"To Deliver and Bill"
"SAL-ORD-2026-00677","26-05-2026","Natural Granite","KOTA 54x24",50.0,9.0,54.0,24.0,1.0,4.5,52.0,234.0,"To Deliver and Bill"
"SAL-ORD-2026-00678","26-05-2026","Akash Dejal","P White",71.0,13.0,0.0,0.0,1.0,7.5,65.0,487.5,"To Deliver and Bill"
"SAL-ORD-2026-00682","26-05-2026","Ekta Granite","Neno White",19.5,4.5,0.0,0.0,2.0,1.75,425.0,743.75,"To Deliver and Bill"
"SAL-ORD-2026-00682","26-05-2026","Ekta Granite","Neno White",26.0,25.25,0.0,0.0,1.0,5.062,425.0,2151.35,"To Deliver and Bill"
"SAL-ORD-2026-00682","26-05-2026","Ekta Granite","Neno White",26.0,18.0,0.0,0.0,1.0,3.375,425.0,1434.38,"To Deliver and Bill"
"SAL-ORD-2026-00682","26-05-2026","Ekta Granite","Neno White",25.25,8.0,0.0,0.0,1.0,1.688,425.0,717.4,"To Deliver and Bill"
"SAL-ORD-2026-00712","26-05-2026","Jay Bhawani Yug Darbar","KOTA 22x16 RAJ P",22.0,16.0,24.0,18.0,180.0,540.0,29.0,15660.0,"To Deliver and Bill"
"SAL-ORD-2026-00490","25-05-2026","Bhagawati Stone","KOTA 96x24 FIN",94.0,18.0,96.0,24.0,3.0,48.0,83.0,3984.0,"To Deliver and Bill"
"SAL-ORD-2026-00491","25-05-2026","Ambamani Ramesh","Neno White",100.0,27.0,0.0,0.0,1.0,19.125,400.0,7650.0,"To Deliver and Bill"
"SAL-ORD-2026-00491","25-05-2026","Ambamani Ramesh","Neno White",100.0,5.0,0.0,0.0,1.0,4.25,400.0,1700.0,"To Deliver and Bill"
"SAL-ORD-2026-00492","25-05-2026","Cash x Carry","R Black",27.0,7.0,0.0,0.0,1.0,1.688,85.0,143.48,"To Deliver and Bill"
"SAL-ORD-2026-00492","25-05-2026","Cash x Carry","R Black",27.0,2.5,0.0,0.0,1.0,0.562,85.0,47.77,"To Deliver and Bill"
"SAL-ORD-2026-00492","25-05-2026","Cash x Carry","R Black",78.0,7.0,0.0,0.0,2.0,9.75,85.0,828.75,"To Deliver and Bill"
"SAL-ORD-2026-00492","25-05-2026","Cash x Carry","KOTA 24x24",22.0,20.0,24.0,24.0,35.0,140.0,37.0,5180.0,"To Deliver and Bill"
"SAL-ORD-2026-00492","25-05-2026","Cash x Carry","KOTA 42x24",41.0,18.0,42.0,24.0,1.0,7.0,50.0,350.0,"To Deliver and Bill"
"SAL-ORD-2026-00492","25-05-2026","Cash x Carry","R Black",78.0,2.5,0.0,0.0,2.0,3.25,85.0,276.25,"To Deliver and Bill"
"SAL-ORD-2026-00493","25-05-2026","S A S","Lakha Red",26.0,7.0,0.0,0.0,1.0,1.688,170.0,286.96,"To Deliver and Bill"
"SAL-ORD-2026-00493","25-05-2026","S A S","Lakha Red",43.0,5.0,0.0,0.0,1.0,1.875,170.0,318.75,"To Deliver and Bill"
"SAL-ORD-2026-00493","25-05-2026","S A S","Lakha Red",30.0,6.0,0.0,0.0,3.0,3.75,170.0,637.5,"To Deliver and Bill"
"SAL-ORD-2026-00494","25-05-2026","Peral G","KOTA 48x24",43.5,15.0,48.0,30.0,12.0,72.0,49.0,3528.0,"To Deliver and Bill"
"SAL-ORD-2026-00494","25-05-2026","Peral G","KOTA 48x24",43.5,5.5,48.0,24.0,12.0,24.0,49.0,1176.0,"To Deliver and Bill"
"SAL-ORD-2026-00495","25-05-2026","Nandu Mandir Wala","Neno White",45.75,16.0,0.0,0.0,1.0,6.0,430.0,2580.0,"To Deliver and Bill"
"SAL-ORD-2026-00496","25-05-2026","Natural Granite","KOTA 60x24",54.0,22.0,60.0,24.0,1.0,10.0,57.0,570.0,"To Deliver and Bill"
"SAL-ORD-2026-00496","25-05-2026","Natural Granite","KOTA 30x24",29.0,22.0,30.0,24.0,1.0,5.0,43.0,215.0,"To Deliver and Bill"
"SAL-ORD-2026-00497","25-05-2026","Patidar","KOTA 24x24 FIN",22.0,22.0,24.0,24.0,125.0,500.0,45.0,22500.0,"To Deliver and Bill"
"SAL-ORD-2026-00498","25-05-2026","Salachar G","KOTA 48x30 DP",47.0,29.0,48.0,30.0,1.0,10.0,71.0,710.0,"To Deliver and Bill"
"SAL-ORD-2026-00498","25-05-2026","Salachar G","KOTA 30x30 DP",29.0,29.0,30.0,30.0,2.0,12.5,66.0,825.0,"To Deliver and Bill"
"SAL-ORD-2026-00499","25-05-2026","Hariom","KOTA 84x30",83.0,29.0,84.0,30.0,2.0,35.0,77.0,2695.0,"To Deliver and Bill"
"SAL-ORD-2026-00500","25-05-2026","Reva Mohit","KOTA 60x30",59.0,27.0,60.0,30.0,1.0,12.5,69.0,862.5,"To Deliver and Bill"
"SAL-ORD-2026-00500","25-05-2026","Reva Mohit","KOTA 36x30 DP",35.5,29.0,36.0,30.0,2.0,15.0,64.0,960.0,"To Deliver and Bill"
"SAL-ORD-2026-00501","25-05-2026","Hanuman Granite","Neno White",36.0,24.0,0.0,0.0,1.0,6.0,430.0,2580.0,"To Deliver and Bill"
"SAL-ORD-2026-00501","25-05-2026","Hanuman Granite","Neno White",48.0,21.0,0.0,0.0,1.0,7.0,430.0,3010.0,"To Deliver and Bill"
"SAL-ORD-2026-00501","25-05-2026","Hanuman Granite","Neno White",65.0,12.0,0.0,0.0,1.0,5.5,430.0,2365.0,"To Deliver and Bill"
"SAL-ORD-2026-00502","25-05-2026","Akash Bhai","KOTA 24x24 RIV",23.0,23.0,24.0,24.0,134.0,536.0,40.0,21440.0,"To Deliver and Bill"
"SAL-ORD-2026-00503","25-05-2026","Chirag Tirupati Balaji","P White",60.0,19.0,0.0,0.0,6.0,52.5,65.0,3412.5,"To Deliver and Bill"
"SAL-ORD-2026-00504","25-05-2026","Siddhhi Vinayak Himanshu","KOTA 24x24 FIN",22.0,22.0,24.0,24.0,15.0,60.0,45.0,2700.0,"To Deliver and Bill"
"SAL-ORD-2026-00505","25-05-2026","Cash x Carry","KOTA 36x24",35.0,10.0,36.0,24.0,1.0,3.0,50.0,150.0,"To Deliver and Bill"
"SAL-ORD-2026-00505","25-05-2026","Cash x Carry","KOTA 48x24",47.0,23.0,48.0,24.0,3.0,24.0,55.0,1320.0,"To Deliver and Bill"
"SAL-ORD-2026-00505","25-05-2026","Cash x Carry","KOTA 48x24",47.0,12.0,48.0,24.0,2.0,10.0,55.0,550.0,"To Deliver and Bill"
"SAL-ORD-2026-00505","25-05-2026","Cash x Carry","KOTA 36x24",35.0,12.0,36.0,24.0,2.0,7.5,50.0,375.0,"To Deliver and Bill"
"SAL-ORD-2026-00505","25-05-2026","Cash x Carry","KOTA 24x18",18.0,11.0,24.0,18.0,3.0,9.0,40.0,360.0,"To Deliver and Bill"
"SAL-ORD-2026-00505","25-05-2026","Cash x Carry","KOTA 36x24",35.0,23.0,36.0,24.0,3.0,18.0,50.0,900.0,"To Deliver and Bill"
"SAL-ORD-2026-00672","25-05-2026","Raju Balaji","KOTA 23x17 RAJ J",23.0,17.0,24.0,18.0,6.0,18.0,34.0,612.0,"To Deliver and Bill"
"SAL-ORD-2026-00673","25-05-2026","Navkar Sumit","KOTA 22x16 RAJ P",22.0,16.0,24.0,18.0,300.0,900.0,29.0,26100.0,"To Deliver and Bill"
"SAL-ORD-2026-00683","25-05-2026","Ramesh D D Tiles","KOTA 24x18",22.0,16.0,24.0,18.0,1.0,3.0,36.0,108.0,"To Deliver and Bill"
"SAL-ORD-2026-00683","25-05-2026","Ramesh D D Tiles","Telphone Black",42.0,18.0,0.0,0.0,1.0,5.25,210.0,1102.5,"To Deliver and Bill"
"SAL-ORD-2026-00683","25-05-2026","Ramesh D D Tiles","Telphone Black",72.0,18.0,0.0,0.0,1.0,9.0,210.0,1890.0,"To Deliver and Bill"
"SAL-ORD-2026-00683","25-05-2026","Ramesh D D Tiles","KOTA 36x24",35.0,18.0,36.0,24.0,1.0,6.0,46.0,276.0,"To Deliver and Bill"
"SAL-ORD-2026-00683","25-05-2026","Ramesh D D Tiles","KOTA 72x24",71.0,18.0,72.0,24.0,1.0,12.0,60.0,720.0,"To Deliver and Bill"
"SAL-ORD-2026-00683","25-05-2026","Ramesh D D Tiles","Telphone Black",72.0,2.0,0.0,0.0,1.0,1.5,210.0,315.0,"To Deliver and Bill"
"SAL-ORD-2026-00683","25-05-2026","Ramesh D D Tiles","Farma",0.0,0.0,0.0,0.0,0.0,1.0,500.0,500.0,"To Deliver and Bill"
"SAL-ORD-2026-00683","25-05-2026","Ramesh D D Tiles","Dhar MouldG",0.0,0.0,0.0,0.0,1.0,23.0,15.0,345.0,"To Deliver and Bill"
"SAL-ORD-2026-00489","24-05-2026","Saras Granite","Full Round MouldG",70.0,40.0,0.0,0.0,1.0,19.0,25.0,475.0,"To Deliver and Bill"
"SAL-ORD-2026-00489","24-05-2026","Saras Granite","Neno White",70.0,40.0,0.0,0.0,1.0,21.0,400.0,8400.0,"To Deliver and Bill"
"SAL-ORD-2026-00670","24-05-2026","Majjisha Rishi","KOTA 23x17 RAJ J",23.0,17.0,24.0,18.0,4.0,12.0,33.0,396.0,"To Deliver and Bill"
"SAL-ORD-2026-00671","24-05-2026","Sangam","KOTA 23x17 RAJ J",23.0,17.0,24.0,18.0,16.0,48.0,33.0,1584.0,"To Deliver and Bill"
"SAL-ORD-2026-00480","23-05-2026","Hanuman Granite","KOTA 36x24",34.0,23.0,36.0,24.0,1.0,6.0,58.0,348.0,"To Deliver and Bill"
"SAL-ORD-2026-00481","23-05-2026","S A S","R Black",60.0,20.0,0.0,0.0,5.0,43.75,80.0,3500.0,"To Deliver and Bill"
"SAL-ORD-2026-00481","23-05-2026","S A S","Dhar MouldG",60.0,20.0,0.0,0.0,5.0,33.75,10.0,337.5,"To Deliver and Bill"
"SAL-ORD-2026-00482","23-05-2026","Nil Tiles","Dhar MouldG",30.0,4.5,0.0,0.0,4.0,20.0,10.0,200.0,"To Deliver and Bill"
"SAL-ORD-2026-00482","23-05-2026","Nil Tiles","Dhar MouldG",82.0,4.5,0.0,0.0,4.0,56.0,10.0,560.0,"To Deliver and Bill"
"SAL-ORD-2026-00482","23-05-2026","Nil Tiles","R Black",82.0,4.5,0.0,0.0,4.0,14.0,80.0,1120.0,"To Deliver and Bill"
"SAL-ORD-2026-00482","23-05-2026","Nil Tiles","R Black",30.0,4.5,0.0,0.0,4.0,5.0,80.0,400.0,"To Deliver and Bill"
"SAL-ORD-2026-00483","23-05-2026","Natural Granite","KOTA 22x22 RAJ P",22.0,22.0,24.0,24.0,175.0,700.0,31.0,21700.0,"To Deliver and Bill"
"SAL-ORD-2026-00484","23-05-2026","Dharti Granite","Neno White",35.0,13.0,0.0,0.0,1.0,3.75,400.0,1500.0,"To Deliver and Bill"
"SAL-ORD-2026-00486","23-05-2026","Cash x Carry","KOTA 66x24",64.0,18.0,66.0,24.0,2.0,22.0,61.0,1342.0,"To Deliver and Bill"
"SAL-ORD-2026-00486","23-05-2026","Cash x Carry","KOTA 78x24",75.0,18.0,78.0,24.0,2.0,26.0,65.0,1690.0,"To Deliver and Bill"
"SAL-ORD-2026-00486","23-05-2026","Cash x Carry","KOTA 66x36",60.0,32.0,66.0,36.0,1.0,16.5,120.0,1980.0,"To Deliver and Bill"
"SAL-ORD-2026-00486","23-05-2026","Cash x Carry","KOTA 66x30",60.0,29.0,66.0,30.0,2.0,27.5,76.0,2090.0,"To Deliver and Bill"
"SAL-ORD-2026-00486","23-05-2026","Cash x Carry","KOTA 22x16 RAJ J",22.0,16.0,24.0,18.0,190.0,570.0,31.0,17670.0,"To Deliver and Bill"
"SAL-ORD-2026-00487","23-05-2026","Radhe Stone Kayur Bhai","KOTA 96x30",95.0,29.0,96.0,30.0,3.0,60.0,84.0,5040.0,"To Deliver and Bill"
"SAL-ORD-2026-00488","23-05-2026","Paliwal","KOTA 36x24",35.0,23.0,36.0,24.0,1.0,6.0,46.0,276.0,"To Deliver and Bill"
"SAL-ORD-2026-00664","23-05-2026","Baldev Bhai","KOTA 78x24",72.0,16.0,78.0,24.0,4.0,52.0,62.0,3224.0,"To Deliver and Bill"
"SAL-ORD-2026-00664","23-05-2026","Baldev Bhai","KOTA 30x24",24.0,16.0,30.0,24.0,6.0,30.0,43.0,1290.0,"To Deliver and Bill"
"SAL-ORD-2026-00665","23-05-2026","Chirag Tirupati Balaji","Mirror",22.0,16.0,0.0,0.0,8.0,24.0,9.0,216.0,"To Deliver and Bill"
"SAL-ORD-2026-00665","23-05-2026","Chirag Tirupati Balaji","KOTA 24x18",22.0,16.0,24.0,18.0,8.0,24.0,37.0,888.0,"To Deliver and Bill"
"SAL-ORD-2026-00665","23-05-2026","Chirag Tirupati Balaji","KOTA 36x30 MIR",35.0,10.0,36.0,24.0,4.0,15.0,68.0,1020.0,"To Deliver and Bill"
"SAL-ORD-2026-00665","23-05-2026","Chirag Tirupati Balaji","DP",47.0,13.0,0.0,0.0,4.0,20.0,15.0,300.0,"To Deliver and Bill"
"SAL-ORD-2026-00665","23-05-2026","Chirag Tirupati Balaji","DP",35.0,10.0,0.0,0.0,4.0,15.0,15.0,225.0,"To Deliver and Bill"
"SAL-ORD-2026-00665","23-05-2026","Chirag Tirupati Balaji","KOTA 48x30 MIR",47.0,13.0,48.0,30.0,4.0,20.0,73.0,1460.0,"To Deliver and Bill"
"SAL-ORD-2026-00667-1","23-05-2026","Shree Ram Stonex","KOTA 23x23 RAJ J",23.0,23.0,24.0,24.0,4.0,16.0,36.0,576.0,"To Deliver and Bill"
"SAL-ORD-2026-00667-1","23-05-2026","Shree Ram Stonex","KOTA 23x17 RAJ J",23.0,17.0,24.0,18.0,10.0,30.0,37.0,1110.0,"To Deliver and Bill"
"SAL-ORD-2026-00668","23-05-2026","Murlidhar Granite","KOTA 24x18 RAJ G",23.0,17.0,24.0,18.0,65.0,195.0,36.0,7020.0,"To Deliver and Bill"
"SAL-ORD-2026-00669","23-05-2026","Ambika Goutam","KOTA 24x18 RAJ G",23.0,17.0,24.0,18.0,5.0,15.0,36.0,540.0,"To Deliver and Bill"
"SAL-ORD-2026-00685","23-05-2026","Majjisha Rishi","KOTA 60x24",59.0,18.0,60.0,24.0,2.0,20.0,57.0,1140.0,"To Deliver and Bill"
"SAL-ORD-2026-00685","23-05-2026","Majjisha Rishi","KOTA PATI",23.0,3.0,0.0,0.0,15.0,30.0,12.0,360.0,"To Deliver and Bill"
"SAL-ORD-2026-00685","23-05-2026","Majjisha Rishi","KOTA 23x17 RAJ J",23.0,17.0,24.0,18.0,4.0,12.0,33.0,396.0,"To Deliver and Bill"
"SAL-ORD-2026-00685","23-05-2026","Majjisha Rishi","KOTA 24x18",18.0,16.0,24.0,18.0,6.0,18.0,36.0,648.0,"To Deliver and Bill"
"SAL-ORD-2026-00685","23-05-2026","Majjisha Rishi","KOTA 24x24",23.0,7.5,24.0,24.0,11.0,22.0,37.0,814.0,"To Deliver and Bill"
"SAL-ORD-2026-00685","23-05-2026","Majjisha Rishi","KOTA 60x24",59.0,4.0,60.0,24.0,1.0,2.5,57.0,142.5,"To Deliver and Bill"
"SAL-ORD-2026-00686","23-05-2026","Harji Bhai Ramesh","KOTA 30x24",29.0,23.0,30.0,24.0,2.0,10.0,46.0,460.0,"To Deliver and Bill"
"SAL-ORD-2026-00686","23-05-2026","Harji Bhai Ramesh","KOTA 48x30",47.0,14.0,48.0,30.0,4.0,20.0,63.0,1260.0,"To Deliver and Bill"
"SAL-ORD-2026-00686","23-05-2026","Harji Bhai Ramesh","KOTA 23x17 RAJ J",23.0,17.0,24.0,18.0,130.0,390.0,35.0,13650.0,"To Deliver and Bill"
"SAL-ORD-2026-00686","23-05-2026","Harji Bhai Ramesh","KOTA 60x30",59.0,29.0,60.0,30.0,1.0,12.5,69.0,862.5,"To Deliver and Bill"
"SAL-ORD-2026-00475","22-05-2026","Rudra Granite","KOTA 24x24 RUF",23.0,23.0,24.0,24.0,125.0,500.0,33.0,16500.0,"To Deliver and Bill"
"SAL-ORD-2026-00476","22-05-2026","Majjisha Rishi","KOTA 24x18 RAJ G",23.0,17.0,24.0,18.0,20.0,60.0,36.0,2160.0,"To Deliver and Bill"
"SAL-ORD-2026-00477","22-05-2026","Ambika Goutam","Neno White",90.0,17.0,0.0,0.0,1.0,11.25,400.0,4500.0,"To Deliver and Bill"
"SAL-ORD-2026-00477","22-05-2026","Ambika Goutam","Neno White",16.5,16.5,0.0,0.0,1.0,2.25,400.0,900.0,"To Deliver and Bill"
"SAL-ORD-2026-00478","22-05-2026","Hetal Mehta","KOTA 36x30",32.0,25.0,36.0,30.0,1.0,7.5,58.0,435.0,"To Deliver and Bill"
"SAL-ORD-2026-00478","22-05-2026","Hetal Mehta","KOTA 54x30",48.0,25.0,54.0,30.0,3.0,33.75,65.0,2193.75,"To Deliver and Bill"
"SAL-ORD-2026-00478","22-05-2026","Hetal Mehta","KOTA 30x30",27.0,25.0,30.0,30.0,1.0,6.25,56.0,350.0,"To Deliver and Bill"
"SAL-ORD-2026-00478","22-05-2026","Hetal Mehta","R Black",108.0,36.0,0.0,0.0,3.0,81.0,80.0,6480.0,"To Deliver and Bill"
"SAL-ORD-2026-00478","22-05-2026","Hetal Mehta","Jaisalmer",52.0,14.0,0.0,0.0,1.0,5.625,125.0,703.12,"To Deliver and Bill"
"SAL-ORD-2026-00478","22-05-2026","Hetal Mehta","KOTA 72x30",66.0,25.0,72.0,30.0,1.0,15.0,73.0,1095.0,"To Deliver and Bill"
"SAL-ORD-2026-00478","22-05-2026","Hetal Mehta","KOTA 36x30",30.0,25.0,36.0,30.0,1.0,7.5,58.0,435.0,"To Deliver and Bill"
"SAL-ORD-2026-00478","22-05-2026","Hetal Mehta","DP",0.0,0.0,0.0,0.0,1.0,70.0,10.0,700.0,"To Deliver and Bill"
"SAL-ORD-2026-00479","22-05-2026","Natural Granite","KOTA 24x18",20.0,17.0,24.0,18.0,9.0,27.0,37.0,999.0,"To Deliver and Bill"
"SAL-ORD-2026-00661","22-05-2026","Nil Tiles","R Black",120.0,27.0,0.0,0.0,1.0,22.5,80.0,1800.0,"To Deliver and Bill"
"SAL-ORD-2026-00661","22-05-2026","Nil Tiles","R Black",24.0,4.0,0.0,0.0,1.0,1.0,80.0,80.0,"To Deliver and Bill"
"SAL-ORD-2026-00661","22-05-2026","Nil Tiles","R Black",45.0,3.0,0.0,0.0,1.0,0.938,80.0,75.04,"To Deliver and Bill"
"SAL-ORD-2026-00661","22-05-2026","Nil Tiles","R Black",120.0,3.0,0.0,0.0,1.0,2.5,80.0,200.0,"To Deliver and Bill"
"SAL-ORD-2026-00661","22-05-2026","Nil Tiles","R Black",67.0,4.0,0.0,0.0,1.0,2.875,80.0,230.0,"To Deliver and Bill"
"SAL-ORD-2026-00661","22-05-2026","Nil Tiles","R Black",120.0,4.0,0.0,0.0,1.0,5.0,80.0,400.0,"To Deliver and Bill"
"SAL-ORD-2026-00661","22-05-2026","Nil Tiles","R Black",26.0,3.0,0.0,0.0,1.0,0.562,80.0,44.96,"To Deliver and Bill"
"SAL-ORD-2026-00661","22-05-2026","Nil Tiles","R Black",67.0,23.0,0.0,0.0,1.0,11.5,80.0,920.0,"To Deliver and Bill"
"SAL-ORD-2026-00662","22-05-2026","Vijay Marble Bablu","KOTA 22x22 RAJ RUF J",22.0,22.0,24.0,24.0,57.0,228.0,31.0,7068.0,"To Deliver and Bill"
"SAL-ORD-2026-00663","22-05-2026","R G M Vikash","BROWN KOTA 24x24",22.0,22.0,0.0,0.0,12.0,48.0,72.0,3456.0,"To Deliver and Bill"
"SAL-ORD-2026-00471","21-05-2026","Mukesh G G","Neno White",65.5,17.5,18.0,18.0,1.0,8.25,430.0,3547.5,"To Deliver and Bill"
"SAL-ORD-2026-00472","21-05-2026","Dhanlaxmi Zundal","Neno White",34.0,18.0,0.0,0.0,1.0,4.5,430.0,1935.0,"To Deliver and Bill"
"SAL-ORD-2026-00473","21-05-2026","Peral G","Neno White",36.0,24.0,0.0,0.0,4.0,24.0,420.0,10080.0,"To Deliver and Bill"
"SAL-ORD-2026-00473","21-05-2026","Peral G","Neno White",96.0,3.0,0.0,0.0,2.0,4.0,420.0,1680.0,"To Deliver and Bill"
"SAL-ORD-2026-00473","21-05-2026","Peral G","Neno White",96.0,27.0,0.0,0.0,2.0,36.0,420.0,15120.0,"To Deliver and Bill"
"SAL-ORD-2026-00474","21-05-2026","Himal Symbol Interior","Galaxy",90.3,21.25,0.0,0.0,1.0,15.5,240.0,3720.0,"To Deliver and Bill"
"SAL-ORD-2026-00599","21-05-2026","Jay Bhawani Yug Darbar","KOTA 48x30",47.0,29.0,48.0,30.0,58.0,580.0,63.0,36540.0,"To Deliver and Bill"
"SAL-ORD-2026-00599","21-05-2026","Jay Bhawani Yug Darbar","R Black",44.0,11.0,0.0,0.0,58.0,217.5,76.0,16530.0,"To Deliver and Bill"
"SAL-ORD-2026-00656","21-05-2026","Punit S G","KOTA 78x24",73.0,23.0,78.0,24.0,1.0,13.0,62.0,806.0,"To Deliver and Bill"
"SAL-ORD-2026-00656","21-05-2026","Punit S G","KOTA 84x24",83.0,23.0,84.0,24.0,1.0,14.0,65.0,910.0,"To Deliver and Bill"
"SAL-ORD-2026-00657","21-05-2026","Reva Mohit","KOTA PATI",23.0,3.0,0.0,0.0,0.0,300.0,12.0,3600.0,"To Deliver and Bill"
"SAL-ORD-2026-00658","21-05-2026","Vijay Marble Bablu","KOTA 22X22 RAJ MIR",22.0,22.0,0.0,0.0,80.0,320.0,62.0,19840.0,"To Deliver and Bill"
"SAL-ORD-2026-00659","21-05-2026","Murlidhar Granite","KOTA 24x18 RAJ G",23.0,17.0,24.0,18.0,65.0,195.0,36.0,7020.0,"To Deliver and Bill"
"SAL-ORD-2026-00660","21-05-2026","Bhagawati Stone","KOTA 24x24 RAJ G",23.0,23.0,24.0,24.0,300.0,1200.0,37.0,44400.0,"To Deliver and Bill"
"SAL-ORD-2026-00461","20-05-2026","Ramlalji C","Neno White",54.75,15.0,0.0,0.0,1.0,5.938,430.0,2553.34,"To Deliver and Bill"
"SAL-ORD-2026-00462","20-05-2026","Salachar G","KOTA 24x24 RAJ G",23.0,23.0,24.0,24.0,60.0,240.0,37.0,8880.0,"To Deliver and Bill"
"SAL-ORD-2026-00463","20-05-2026","Amizar","KOTA 24x18 RAJ G",22.0,16.0,24.0,18.0,33.0,99.0,36.0,3564.0,"To Deliver and Bill"
"SAL-ORD-2026-00464","20-05-2026","Bhagawati Stone","KOTA 42x30",41.0,29.0,42.0,30.0,3.0,26.25,60.0,1575.0,"To Deliver and Bill"
"SAL-ORD-2026-00465","20-05-2026","Vardhaman Tiles","Neno White",114.0,1.5,0.0,0.0,1.0,2.375,430.0,1021.25,"To Deliver and Bill"
"SAL-ORD-2026-00465","20-05-2026","Vardhaman Tiles","Neno White",62.0,1.5,0.0,0.0,1.0,1.312,430.0,564.16,"To Deliver and Bill"
"SAL-ORD-2026-00465","20-05-2026","Vardhaman Tiles","Neno White",85.0,3.0,0.0,0.0,1.0,1.812,430.0,779.16,"To Deliver and Bill"
"SAL-ORD-2026-00465","20-05-2026","Vardhaman Tiles","Neno White",70.0,3.0,0.0,0.0,2.0,3.0,430.0,1290.0,"To Deliver and Bill"
"SAL-ORD-2026-00465","20-05-2026","Vardhaman Tiles","Neno White",112.0,27.0,0.0,0.0,1.0,21.375,430.0,9191.25,"To Deliver and Bill"
"SAL-ORD-2026-00465","20-05-2026","Vardhaman Tiles","Neno White",27.0,3.0,0.0,0.0,1.0,0.562,430.0,241.66,"To Deliver and Bill"
"SAL-ORD-2026-00465","20-05-2026","Vardhaman Tiles","Neno White",33.0,6.0,0.0,0.0,1.0,1.375,430.0,591.25,"To Deliver and Bill"
"SAL-ORD-2026-00465","20-05-2026","Vardhaman Tiles","Neno White",84.5,27.0,0.0,0.0,1.0,16.312,430.0,7014.16,"To Deliver and Bill"
"SAL-ORD-2026-00465","20-05-2026","Vardhaman Tiles","Neno White",30.0,6.0,0.0,0.0,1.0,1.25,430.0,537.5,"To Deliver and Bill"
"SAL-ORD-2026-00465","20-05-2026","Vardhaman Tiles","Neno White",39.0,30.0,0.0,0.0,1.0,8.125,430.0,3493.75,"To Deliver and Bill"
"SAL-ORD-2026-00466","20-05-2026","Majjisha Rishi","KOTA 48x30",45.0,29.0,48.0,30.0,1.0,10.0,63.0,630.0,"To Deliver and Bill"
"SAL-ORD-2026-00467","20-05-2026","Punit S G","Neno White",36.0,30.0,0.0,0.0,1.0,7.5,390.0,2925.0,"To Deliver and Bill"
"SAL-ORD-2026-00467","20-05-2026","Punit S G","Neno White",102.0,30.0,0.0,0.0,1.0,21.25,390.0,8287.5,"To Deliver and Bill"
"SAL-ORD-2026-00467","20-05-2026","Punit S G","Neno White",42.0,30.0,0.0,0.0,1.0,8.75,390.0,3412.5,"To Deliver and Bill"
"SAL-ORD-2026-00468","20-05-2026","Motiram","R Black",90.0,3.0,0.0,0.0,1.0,1.875,75.0,140.62,"To Deliver and Bill"
"SAL-ORD-2026-00469","20-05-2026","Saaras G Manish","R Black",36.0,19.0,0.0,0.0,4.0,21.0,75.0,1575.0,"To Deliver and Bill"
"SAL-ORD-2026-00469","20-05-2026","Saaras G Manish","R Black",53.5,17.5,0.0,0.0,4.0,27.0,75.0,2025.0,"To Deliver and Bill"
"SAL-ORD-2026-00470","20-05-2026","Dipesh Tiles","KOTA 24x18",22.0,16.0,24.0,18.0,50.0,150.0,36.0,5400.0,"To Deliver and Bill"
"SAL-ORD-2026-00595","20-05-2026","Chotulal ji Bafna","Red Mandana",22.0,16.0,0.0,0.0,100.0,300.0,55.0,16500.0,"To Deliver and Bill"
"SAL-ORD-2026-00595","20-05-2026","Chotulal ji Bafna","Red Mandana",22.0,16.0,0.0,0.0,340.0,1020.0,55.0,56100.0,"To Deliver and Bill"
"SAL-ORD-2026-00596","20-05-2026","Bhavin Shah","Full Round MouldG",57.6,15.6,0.0,0.0,1.0,6.5,35.0,227.5,"To Deliver and Bill"
"SAL-ORD-2026-00596","20-05-2026","Bhavin Shah","Neno White",60.0,24.0,0.0,0.0,1.0,10.0,430.0,4300.0,"To Deliver and Bill"
"SAL-ORD-2026-00596","20-05-2026","Bhavin Shah","Dhar MouldG",60.0,24.0,0.0,0.0,1.0,5.0,25.0,125.0,"To Deliver and Bill"
"SAL-ORD-2026-00596","20-05-2026","Bhavin Shah","Neno White",57.6,15.6,0.0,0.0,1.0,7.5,430.0,3225.0,"To Deliver and Bill"
"SAL-ORD-2026-00596","20-05-2026","Bhavin Shah","Farma",0.0,0.0,0.0,0.0,1.0,1.0,500.0,500.0,"To Deliver and Bill"
"SAL-ORD-2026-00596","20-05-2026","Bhavin Shah","Full Round MouldG",53.7,13.2,0.0,0.0,1.0,5.75,35.0,201.25,"To Deliver and Bill"
"SAL-ORD-2026-00596","20-05-2026","Bhavin Shah","Neno White",53.7,13.2,0.0,0.0,1.0,5.625,430.0,2418.75,"To Deliver and Bill"
"SAL-ORD-2026-00597","20-05-2026","J K Burad","KOTA 36x30",31.0,26.0,36.0,30.0,1.0,7.5,58.0,435.0,"To Deliver and Bill"
"SAL-ORD-2026-00597","20-05-2026","J K Burad","KOTA 48x30",44.0,27.0,48.0,30.0,1.0,10.0,63.0,630.0,"To Deliver and Bill"
"SAL-ORD-2026-00597","20-05-2026","J K Burad","R Black",48.0,28.0,0.0,0.0,1.0,10.0,75.0,750.0,"To Deliver and Bill"
"SAL-ORD-2026-00597","20-05-2026","J K Burad","R Black",44.0,27.0,0.0,0.0,1.0,8.438,75.0,632.85,"To Deliver and Bill"
"SAL-ORD-2026-00597","20-05-2026","J K Burad","R Black",48.0,3.0,0.0,0.0,2.0,2.0,75.0,150.0,"To Deliver and Bill"
"SAL-ORD-2026-00598","20-05-2026","Natural Granite","KOTA 24x18",16.0,16.0,24.0,18.0,153.0,459.0,37.0,16983.0,"To Deliver and Bill"
"SAL-ORD-2026-00651","20-05-2026","A G M   Vinod","KOTA 24x24 RAJ G",23.0,23.0,24.0,24.0,29.0,116.0,36.0,4176.0,"To Deliver and Bill"
"SAL-ORD-2026-00652","20-05-2026","Dipti","KOTA 24x18 RAJ G",23.0,17.0,24.0,18.0,9.0,27.0,36.0,972.0,"To Deliver and Bill"
"SAL-ORD-2026-00653","20-05-2026","Niraj Shah T G","KOTA 24x24 RAJ G",23.0,23.0,24.0,24.0,120.0,480.0,37.0,17760.0,"To Deliver and Bill"
"SAL-ORD-2026-00654","20-05-2026","Ramesh D D Tiles","KOTA 48x30",44.0,25.0,48.0,30.0,1.0,10.0,63.0,630.0,"To Deliver and Bill"
"SAL-ORD-2026-00655","20-05-2026","Natural Granite","DP",64.0,13.0,0.0,0.0,2.0,13.75,20.0,275.0,"Draft"
"SAL-ORD-2026-00655","20-05-2026","Natural Granite","KOTA 66x30 FIN",64.0,13.0,66.0,30.0,2.0,13.75,78.0,1072.5,"Draft"
"SAL-ORD-2026-00453","19-05-2026","Asian Buildcon","R Black",54.0,12.0,0.0,0.0,1.0,4.5,85.0,382.5,"Draft"
"SAL-ORD-2026-00453","19-05-2026","Asian Buildcon","R Black",7.5,4.0,0.0,0.0,1.0,0.375,85.0,31.88,"Draft"
"SAL-ORD-2026-00453","19-05-2026","Asian Buildcon","R Black",27.0,8.0,0.0,0.0,1.0,1.688,85.0,143.48,"Draft"
"SAL-ORD-2026-00453","19-05-2026","Asian Buildcon","R Black",78.0,7.5,0.0,0.0,3.0,14.625,85.0,1243.12,"Draft"
"SAL-ORD-2026-00453","19-05-2026","Asian Buildcon","R Black",27.0,4.5,0.0,0.0,2.0,2.25,85.0,191.25,"Draft"
"SAL-ORD-2026-00453","19-05-2026","Asian Buildcon","R Black",54.0,6.5,0.0,0.0,2.0,6.75,85.0,573.75,"Draft"
"SAL-ORD-2026-00453","19-05-2026","Asian Buildcon","R Black",78.0,4.5,0.0,0.0,4.0,13.0,85.0,1105.0,"Draft"
"SAL-ORD-2026-00453","19-05-2026","Asian Buildcon","R Black",39.0,12.0,0.0,0.0,2.0,6.5,85.0,552.5,"Draft"
"SAL-ORD-2026-00453","19-05-2026","Asian Buildcon","R Black",30.0,4.5,0.0,0.0,2.0,2.5,85.0,212.5,"Draft"
"SAL-ORD-2026-00453","19-05-2026","Asian Buildcon","R Black",108.0,7.5,0.0,0.0,1.0,6.75,85.0,573.75,"Draft"
"SAL-ORD-2026-00453","19-05-2026","Asian Buildcon","R Black",20.0,7.0,0.0,0.0,2.0,2.625,85.0,223.12,"Draft"
"SAL-ORD-2026-00453","19-05-2026","Asian Buildcon","R Black",78.0,4.5,0.0,0.0,4.0,13.0,85.0,1105.0,"Draft"
"SAL-ORD-2026-00453","19-05-2026","Asian Buildcon","R Black",22.0,7.0,0.0,0.0,2.0,3.0,85.0,255.0,"Draft"
"SAL-ORD-2026-00454","19-05-2026","Motiram","R Black",44.0,3.0,0.0,0.0,1.0,0.938,75.0,70.35,"To Deliver and Bill"
"SAL-ORD-2026-00454","19-05-2026","Motiram","R Black",44.0,11.5,0.0,0.0,2.0,7.5,75.0,562.5,"To Deliver and Bill"
"SAL-ORD-2026-00454","19-05-2026","Motiram","R Black",90.0,3.0,0.0,0.0,1.0,1.875,75.0,140.62,"To Deliver and Bill"
"SAL-ORD-2026-00454","19-05-2026","Motiram","R Black",90.0,11.5,0.0,0.0,2.0,15.0,75.0,1125.0,"To Deliver and Bill"
"SAL-ORD-2026-00455","19-05-2026","Nil Tiles","DP",0.0,0.0,0.0,0.0,0.0,6.125,30.0,183.75,"To Deliver and Bill"
"SAL-ORD-2026-00455","19-05-2026","Nil Tiles","Dhar MouldG",0.0,0.0,0.0,0.0,0.0,124.25,10.0,1242.5,"To Deliver and Bill"
"SAL-ORD-2026-00455","19-05-2026","Nil Tiles","R Black",82.0,18.0,0.0,0.0,2.0,21.0,80.0,1680.0,"To Deliver and Bill"
"SAL-ORD-2026-00455","19-05-2026","Nil Tiles","R Black",32.0,4.0,0.0,0.0,1.0,1.375,80.0,110.0,"To Deliver and Bill"
"SAL-ORD-2026-00455","19-05-2026","Nil Tiles","R Black",82.0,4.0,0.0,0.0,2.0,7.0,80.0,560.0,"To Deliver and Bill"
"SAL-ORD-2026-00455","19-05-2026","Nil Tiles","R Black",32.0,8.0,0.0,0.0,1.0,2.062,80.0,164.96,"To Deliver and Bill"
"SAL-ORD-2026-00455","19-05-2026","Nil Tiles","R Black",36.0,21.0,0.0,0.0,1.0,5.25,80.0,420.0,"To Deliver and Bill"
"SAL-ORD-2026-00455","19-05-2026","Nil Tiles","R Black",40.0,18.0,0.0,0.0,5.0,26.25,80.0,2100.0,"To Deliver and Bill"
"SAL-ORD-2026-00455","19-05-2026","Nil Tiles","R Black",72.0,18.0,0.0,0.0,1.0,9.0,80.0,720.0,"To Deliver and Bill"
"SAL-ORD-2026-00455","19-05-2026","Nil Tiles","R Black",65.0,18.0,0.0,0.0,2.0,16.5,80.0,1320.0,"To Deliver and Bill"
"SAL-ORD-2026-00455","19-05-2026","Nil Tiles","R Black",72.0,15.0,0.0,0.0,2.0,15.0,80.0,1200.0,"To Deliver and Bill"
"SAL-ORD-2026-00455","19-05-2026","Nil Tiles","R Black",82.0,3.5,0.0,0.0,2.0,7.0,80.0,560.0,"To Deliver and Bill"
"SAL-ORD-2026-00455","19-05-2026","Nil Tiles","R Black",41.0,20.0,0.0,0.0,1.0,6.125,80.0,490.0,"To Deliver and Bill"
"SAL-ORD-2026-00455","19-05-2026","Nil Tiles","R Black",32.0,3.5,0.0,0.0,1.0,1.375,80.0,110.0,"To Deliver and Bill"
"SAL-ORD-2026-00455","19-05-2026","Nil Tiles","KOTA 30x24",29.0,16.0,30.0,24.0,1.0,5.0,43.0,215.0,"To Deliver and Bill"
"SAL-ORD-2026-00455","19-05-2026","Nil Tiles","KOTA 72x24",71.0,16.0,72.0,24.0,1.0,12.0,60.0,720.0,"To Deliver and Bill"
"SAL-ORD-2026-00456","19-05-2026","Shree Hari Krupa","Neno White",40.0,25.0,0.0,0.0,1.0,7.875,400.0,3150.0,"To Deliver and Bill"
"SAL-ORD-2026-00457","19-05-2026","Siddhhi Vinayak Himanshu","KOTA 84x24",83.0,8.0,84.0,24.0,1.0,7.0,65.0,455.0,"To Deliver and Bill"
"SAL-ORD-2026-00457","19-05-2026","Siddhhi Vinayak Himanshu","KOTA 54x24",51.0,8.0,54.0,24.0,1.0,4.5,52.0,234.0,"To Deliver and Bill"
"SAL-ORD-2026-00457","19-05-2026","Siddhhi Vinayak Himanshu","KOTA 96x24",95.0,8.0,96.0,24.0,1.0,8.0,75.0,600.0,"To Deliver and Bill"
"SAL-ORD-2026-00458","19-05-2026","Hanuman Granite","KOTA 24x24 RAJ G",22.5,22.5,24.0,24.0,7.0,28.0,37.0,1036.0,"To Deliver and Bill"
"SAL-ORD-2026-00459","19-05-2026","Chadubhai Balaji","Neno White",54.0,45.0,0.0,0.0,1.0,16.875,430.0,7256.25,"To Deliver and Bill"
"SAL-ORD-2026-00460","19-05-2026","Hanuman Granite","KOTA 30x30",29.0,26.0,30.0,30.0,1.0,6.25,56.0,350.0,"To Deliver and Bill"
"SAL-ORD-2026-00460","19-05-2026","Hanuman Granite","KOTA 42x30",37.0,25.0,42.0,30.0,1.0,8.75,60.0,525.0,"To Deliver and Bill"
"SAL-ORD-2026-00460","19-05-2026","Hanuman Granite","KOTA 30x30",29.0,29.0,30.0,30.0,1.0,6.25,56.0,350.0,"To Deliver and Bill"
"SAL-ORD-2026-00460","19-05-2026","Hanuman Granite","KOTA 30x30",29.0,25.0,30.0,30.0,1.0,6.25,56.0,350.0,"To Deliver and Bill"
"SAL-ORD-2026-00650","19-05-2026","Mehta Ceramic","KOTA 22x11 RAJ P",22.0,11.0,24.0,12.0,18.0,36.0,25.0,900.0,"To Deliver and Bill"
"SAL-ORD-2026-00715","19-05-2026","Ronak New Gujarat Tiles","KOTA 60x24",59.0,22.0,60.0,24.0,2.0,20.0,58.0,1160.0,"To Deliver and Bill"
"SAL-ORD-2026-00716","19-05-2026","Vikas ji Shahibaug","R Black",42.0,8.0,0.0,0.0,2.0,5.25,80.0,420.0,"Draft"
"SAL-ORD-2026-00716","19-05-2026","Vikas ji Shahibaug","KOTA 30x30",28.5,12.0,30.0,30.0,1.0,3.75,56.0,210.0,"Draft"
"SAL-ORD-2026-00716","19-05-2026","Vikas ji Shahibaug","R Black",40.0,20.0,0.0,0.0,1.0,6.125,80.0,490.0,"Draft"
"SAL-ORD-2026-00716","19-05-2026","Vikas ji Shahibaug","R Black",86.0,8.0,0.0,0.0,1.0,5.438,80.0,435.04,"Draft"
"SAL-ORD-2026-00716","19-05-2026","Vikas ji Shahibaug","R Black",60.0,8.0,0.0,0.0,2.0,7.5,80.0,600.0,"Draft"
"SAL-ORD-2026-00716","19-05-2026","Vikas ji Shahibaug","R Black",72.0,15.0,0.0,0.0,1.0,7.5,80.0,600.0,"Draft"
"SAL-ORD-2026-00716","19-05-2026","Vikas ji Shahibaug","R Black",24.0,8.0,0.0,0.0,1.0,1.5,80.0,120.0,"Draft"
"SAL-ORD-2026-00716","19-05-2026","Vikas ji Shahibaug","Dhar MouldG",0.0,0.0,0.0,0.0,0.0,63.0,10.0,630.0,"Draft"
"SAL-ORD-2026-00716","19-05-2026","Vikas ji Shahibaug","KOTA 24x18",19.0,15.0,24.0,18.0,1.0,3.0,37.0,111.0,"Draft"
"SAL-ORD-2026-00716","19-05-2026","Vikas ji Shahibaug","R Black",20.0,3.0,0.0,0.0,1.0,0.438,80.0,35.04,"Draft"
"SAL-ORD-2026-00716","19-05-2026","Vikas ji Shahibaug","KOTA 36x30",32.0,27.0,36.0,30.0,1.0,7.5,58.0,435.0,"Draft"
"SAL-ORD-2026-00716","19-05-2026","Vikas ji Shahibaug","R Black",103.0,3.0,0.0,0.0,1.0,2.188,80.0,175.04,"Draft"
"SAL-ORD-2026-00716","19-05-2026","Vikas ji Shahibaug","R Black",43.0,3.0,0.0,0.0,2.0,1.875,80.0,150.0,"Draft"
"SAL-ORD-2026-00716","19-05-2026","Vikas ji Shahibaug","R Black",86.0,27.0,0.0,0.0,1.0,16.312,80.0,1304.96,"Draft"
"SAL-ORD-2026-00716","19-05-2026","Vikas ji Shahibaug","KOTA 90x30",86.0,27.0,90.0,30.0,1.0,18.75,83.0,1556.25,"Draft"
"SAL-ORD-2026-00716","19-05-2026","Vikas ji Shahibaug","R Black",54.0,8.0,0.0,0.0,1.0,3.375,80.0,270.0,"Draft"
"SAL-ORD-2026-00716","19-05-2026","Vikas ji Shahibaug","DP",40.0,20.0,0.0,0.0,1.0,6.125,30.0,183.75,"Draft"
"SAL-ORD-2026-00716","19-05-2026","Vikas ji Shahibaug","R Black",32.0,27.0,0.0,0.0,1.0,6.188,80.0,495.04,"Draft"
"SAL-ORD-2026-00716","19-05-2026","Vikas ji Shahibaug","KOTA 30x30",28.5,24.0,30.0,30.0,2.0,12.5,56.0,700.0,"Draft"
"SAL-ORD-2026-00716","19-05-2026","Vikas ji Shahibaug","Phal MouldG",0.0,0.0,0.0,0.0,0.0,21.75,15.0,326.25,"Draft"
"SAL-ORD-2026-00716","19-05-2026","Vikas ji Shahibaug","R Black",32.0,8.0,0.0,0.0,1.0,2.062,80.0,164.96,"Draft"
"SAL-ORD-2026-00716","19-05-2026","Vikas ji Shahibaug","R Black",19.0,15.0,0.0,0.0,1.0,2.188,80.0,175.04,"Draft"
"SAL-ORD-2026-00437","18-05-2026","kanaram Somnath","Neno White",60.0,36.0,0.0,0.0,1.0,15.0,421.0,6315.0,"To Deliver and Bill"
"SAL-ORD-2026-00439","18-05-2026","Kamdhenu G","KOTA 48x24",47.0,23.0,48.0,24.0,10.0,80.0,55.0,4400.0,"To Deliver and Bill"
"SAL-ORD-2026-00440","18-05-2026","Rocks Studio","KOTA 60x30",54.0,25.6,60.0,30.0,3.0,37.5,69.0,2587.5,"To Deliver and Bill"
"SAL-ORD-2026-00440","18-05-2026","Rocks Studio","KOTA 60x30",56.0,25.6,60.0,30.0,6.0,75.0,69.0,5175.0,"To Deliver and Bill"
"SAL-ORD-2026-00440","18-05-2026","Rocks Studio","KOTA 54x30",50.0,25.6,54.0,30.0,3.0,33.75,66.0,2227.5,"To Deliver and Bill"
"SAL-ORD-2026-00441","18-05-2026","Salachar G","KOTA 24x18 RAJ G",23.0,17.0,24.0,18.0,3.0,9.0,36.0,324.0,"To Deliver and Bill"
"SAL-ORD-2026-00442","18-05-2026","Raju Balaji","KOTA 60x24",56.0,19.0,60.0,24.0,2.0,20.0,57.0,1140.0,"To Deliver and Bill"
"SAL-ORD-2026-00442","18-05-2026","Raju Balaji","KOTA 36x30 DP",30.0,25.0,36.0,30.0,2.0,15.0,66.0,990.0,"To Deliver and Bill"
"SAL-ORD-2026-00442","18-05-2026","Raju Balaji","KOTA 72x24",66.0,22.0,72.0,24.0,2.0,24.0,60.0,1440.0,"To Deliver and Bill"
"SAL-ORD-2026-00442","18-05-2026","Raju Balaji","KOTA 78x30 DP",74.0,13.0,78.0,30.0,2.0,16.25,82.0,1332.5,"To Deliver and Bill"
"SAL-ORD-2026-00442","18-05-2026","Raju Balaji","KOTA 78x24 DP",74.0,19.0,78.0,24.0,2.0,26.0,70.0,1820.0,"To Deliver and Bill"
"SAL-ORD-2026-00442","18-05-2026","Raju Balaji","KOTA 54x24 DP",49.0,19.0,54.0,24.0,2.0,18.0,60.0,1080.0,"To Deliver and Bill"
"SAL-ORD-2026-00442","18-05-2026","Raju Balaji","KOTA 78x24 DP",74.0,7.0,78.0,24.0,1.0,6.5,70.0,455.0,"To Deliver and Bill"
"SAL-ORD-2026-00442","18-05-2026","Raju Balaji","KOTA 60x30",55.0,13.0,60.0,30.0,2.0,12.5,69.0,862.5,"To Deliver and Bill"
"SAL-ORD-2026-00442","18-05-2026","Raju Balaji","KOTA 72x30",68.0,25.0,72.0,30.0,2.0,30.0,73.0,2190.0,"To Deliver and Bill"
"SAL-ORD-2026-00442","18-05-2026","Raju Balaji","KOTA 54x24",49.0,7.0,54.0,24.0,1.0,4.5,52.0,234.0,"To Deliver and Bill"
"SAL-ORD-2026-00442","18-05-2026","Raju Balaji","KOTA 66x24",61.0,7.0,66.0,24.0,2.0,11.0,58.0,638.0,"To Deliver and Bill"
"SAL-ORD-2026-00443","18-05-2026","Hanuman Granite","KOTA 30x30",28.0,28.0,30.0,30.0,1.0,6.25,56.0,350.0,"To Deliver and Bill"
"SAL-ORD-2026-00444","18-05-2026","Natural Granite","KOTA 72x30",69.0,25.0,72.0,30.0,1.0,15.0,73.0,1095.0,"To Deliver and Bill"
"SAL-ORD-2026-00444","18-05-2026","Natural Granite","KOTA 90x24",87.0,15.0,90.0,24.0,1.0,15.0,69.0,1035.0,"To Deliver and Bill"
"SAL-ORD-2026-00444","18-05-2026","Natural Granite","KOTA 30x30 DP",26.0,25.0,30.0,30.0,2.0,12.5,64.0,800.0,"To Deliver and Bill"
"SAL-ORD-2026-00444","18-05-2026","Natural Granite","KOTA 30x30 DP",29.0,25.0,30.0,30.0,2.0,12.5,64.0,800.0,"To Deliver and Bill"
"SAL-ORD-2026-00445","18-05-2026","Hanuman Granite","KOTA 66x24",60.0,16.0,66.0,24.0,1.0,11.0,58.0,638.0,"To Deliver and Bill"
"SAL-ORD-2026-00446","18-05-2026","Cash x Carry","R Black",84.0,6.0,0.0,0.0,1.0,3.5,85.0,297.5,"To Deliver and Bill"
"SAL-ORD-2026-00446","18-05-2026","Cash x Carry","KOTA 78x30",77.0,29.0,78.0,30.0,1.0,16.25,80.0,1300.0,"To Deliver and Bill"
"SAL-ORD-2026-00446","18-05-2026","Cash x Carry","KOTA 42x36",41.0,35.0,42.0,36.0,2.0,21.0,95.0,1995.0,"To Deliver and Bill"
"SAL-ORD-2026-00446","18-05-2026","Cash x Carry","KOTA 22X22 RAJ MIR",22.0,22.0,0.0,0.0,4.0,16.0,60.0,960.0,"To Deliver and Bill"
"SAL-ORD-2026-00447","18-05-2026","Hanuman Granite","KOTA 72x24",70.0,22.0,72.0,24.0,2.0,24.0,60.0,1440.0,"To Deliver and Bill"
"SAL-ORD-2026-00447","18-05-2026","Hanuman Granite","KOTA 36x24",30.0,22.0,36.0,24.0,1.0,6.0,46.0,276.0,"To Deliver and Bill"
"SAL-ORD-2026-00448","18-05-2026","Ambamani Ramesh","Neno White",48.0,20.5,0.0,0.0,1.0,7.0,400.0,2800.0,"To Deliver and Bill"
"SAL-ORD-2026-00449","18-05-2026","Ramesh D D Tiles","Jaisalmer",48.0,12.0,0.0,0.0,1.0,4.0,150.0,600.0,"To Deliver and Bill"
"SAL-ORD-2026-00450-2","18-05-2026","Sagar Granite","KOTA 48x24 RUF",47.0,23.0,48.0,24.0,20.0,160.0,50.0,8000.0,"To Deliver and Bill"
"SAL-ORD-2026-00450-2","18-05-2026","Sagar Granite","KOTA 24x24 RIV",21.0,21.0,24.0,24.0,130.0,520.0,40.0,20800.0,"To Deliver and Bill"
"SAL-ORD-2026-00451","18-05-2026","Bhoomaa Marble","KOTA 54x24",48.0,20.0,54.0,24.0,1.0,9.0,52.0,468.0,"To Deliver and Bill"
"SAL-ORD-2026-00451","18-05-2026","Bhoomaa Marble","KOTA 42x30",40.0,14.0,42.0,30.0,1.0,5.25,60.0,315.0,"To Deliver and Bill"
"SAL-ORD-2026-00452","18-05-2026","Punit S G","KOTA 78x30",72.0,27.0,78.0,30.0,1.0,15.0,73.0,1095.0,"To Deliver and Bill"
"SAL-ORD-2026-00592","18-05-2026","Dipti","Lakha Red",43.0,18.0,0.0,0.0,1.0,5.625,160.0,900.0,"To Deliver and Bill"
"SAL-ORD-2026-00592","18-05-2026","Dipti","Dhar MouldG",43.0,18.0,0.0,0.0,1.0,4.25,10.0,42.5,"To Deliver and Bill"
"SAL-ORD-2026-00592","18-05-2026","Dipti","Telphone Black",0.0,0.0,0.0,0.0,0.0,15.5,190.0,2945.0,"To Deliver and Bill"
"SAL-ORD-2026-00592","18-05-2026","Dipti","Dhar MouldG",0.0,0.0,0.0,0.0,0.0,18.0,10.0,180.0,"To Deliver and Bill"
"SAL-ORD-2026-00593","18-05-2026","Marbella Granite","Neno White",52.0,15.5,0.0,0.0,1.0,6.75,430.0,2902.5,"To Deliver and Bill"
"SAL-ORD-2026-00593","18-05-2026","Marbella Granite","Neno White",38.0,12.0,0.0,0.0,1.0,3.25,430.0,1397.5,"To Deliver and Bill"
"SAL-ORD-2026-00593","18-05-2026","Marbella Granite","Neno White",37.0,11.0,0.0,0.0,1.0,3.25,430.0,1397.5,"To Deliver and Bill"
"SAL-ORD-2026-00593","18-05-2026","Marbella Granite","Neno White",47.5,16.0,0.0,0.0,1.0,6.0,430.0,2580.0,"To Deliver and Bill"
"SAL-ORD-2026-00593","18-05-2026","Marbella Granite","Neno White",74.0,12.25,0.0,0.0,1.0,7.812,430.0,3359.16,"To Deliver and Bill"
"SAL-ORD-2026-00593","18-05-2026","Marbella Granite","Neno White",24.0,24.0,0.0,0.0,1.0,4.0,430.0,1720.0,"To Deliver and Bill"
"SAL-ORD-2026-00593","18-05-2026","Marbella Granite","Neno White",24.0,24.0,0.0,0.0,1.0,4.0,430.0,1720.0,"To Deliver and Bill"
"SAL-ORD-2026-00594","18-05-2026","Saras Granite","Dhar MouldG",84.0,8.0,0.0,0.0,2.0,14.0,8.0,112.0,"To Deliver and Bill"
"SAL-ORD-2026-00594","18-05-2026","Saras Granite","Dhar MouldG",14.0,12.0,0.0,0.0,4.0,10.0,8.0,80.0,"To Deliver and Bill"
"SAL-ORD-2026-00594","18-05-2026","Saras Granite","Granite Job Work",42.0,12.0,0.0,0.0,2.0,18.0,5.0,90.0,"To Deliver and Bill"
"SAL-ORD-2026-00594","18-05-2026","Saras Granite","Granite Job Work",30.0,7.0,0.0,0.0,3.0,19.5,5.0,97.5,"To Deliver and Bill"
"SAL-ORD-2026-00594","18-05-2026","Saras Granite","Granite Job Work",30.0,12.0,0.0,0.0,4.0,28.0,5.0,140.0,"To Deliver and Bill"
"SAL-ORD-2026-00594","18-05-2026","Saras Granite","Dhar MouldG",30.0,12.0,0.0,0.0,4.0,20.0,8.0,160.0,"To Deliver and Bill"
"SAL-ORD-2026-00594","18-05-2026","Saras Granite","Granite Job Work",36.0,5.0,0.0,0.0,4.0,28.0,5.0,140.0,"To Deliver and Bill"
"SAL-ORD-2026-00594","18-05-2026","Saras Granite","Dhar MouldG",36.0,8.0,0.0,0.0,2.0,12.0,8.0,96.0,"To Deliver and Bill"
"SAL-ORD-2026-00594","18-05-2026","Saras Granite","Dhar MouldG",39.0,5.0,0.0,0.0,1.0,3.25,8.0,26.0,"To Deliver and Bill"
"SAL-ORD-2026-00594","18-05-2026","Saras Granite","Granite Job Work",14.0,12.0,0.0,0.0,4.0,18.0,5.0,90.0,"To Deliver and Bill"
"SAL-ORD-2026-00594","18-05-2026","Saras Granite","Granite Job Work",29.0,8.0,0.0,0.0,1.0,8.0,5.0,40.0,"To Deliver and Bill"
"SAL-ORD-2026-00594","18-05-2026","Saras Granite","Dhar MouldG",84.0,5.0,0.0,0.0,12.0,84.0,8.0,672.0,"To Deliver and Bill"
"SAL-ORD-2026-00594","18-05-2026","Saras Granite","Granite Job Work",36.0,8.0,0.0,0.0,2.0,15.0,5.0,75.0,"To Deliver and Bill"
"SAL-ORD-2026-00594","18-05-2026","Saras Granite","Dhar MouldG",42.0,12.0,0.0,0.0,1.0,3.5,8.0,28.0,"To Deliver and Bill"
"SAL-ORD-2026-00594","18-05-2026","Saras Granite","Dhar MouldG",36.0,5.0,0.0,0.0,4.0,12.0,8.0,96.0,"To Deliver and Bill"
"SAL-ORD-2026-00594","18-05-2026","Saras Granite","Granite Job Work",39.0,5.0,0.0,0.0,1.0,7.5,5.0,37.5,"To Deliver and Bill"
"SAL-ORD-2026-00594","18-05-2026","Saras Granite","Granite Job Work",84.0,7.0,0.0,0.0,4.0,62.0,5.0,310.0,"To Deliver and Bill"
"SAL-ORD-2026-00594","18-05-2026","Saras Granite","Dhar MouldG",84.0,7.0,0.0,0.0,4.0,56.0,8.0,448.0,"To Deliver and Bill"
"SAL-ORD-2026-00594","18-05-2026","Saras Granite","Dhar MouldG",36.0,8.0,0.0,0.0,4.0,12.0,8.0,96.0,"To Deliver and Bill"
"SAL-ORD-2026-00594","18-05-2026","Saras Granite","Dhar MouldG",29.0,8.0,0.0,0.0,1.0,2.5,8.0,20.0,"To Deliver and Bill"
"SAL-ORD-2026-00594","18-05-2026","Saras Granite","Dhar MouldG",42.0,12.0,0.0,0.0,1.0,7.0,8.0,56.0,"To Deliver and Bill"
"SAL-ORD-2026-00594","18-05-2026","Saras Granite","Granite Job Work",84.0,12.0,0.0,0.0,2.0,32.0,5.0,160.0,"To Deliver and Bill"
"SAL-ORD-2026-00594","18-05-2026","Saras Granite","Dhar MouldG",30.0,7.0,0.0,0.0,3.0,7.5,8.0,60.0,"To Deliver and Bill"
"SAL-ORD-2026-00594","18-05-2026","Saras Granite","Granite Job Work",84.0,8.0,0.0,0.0,2.0,31.0,5.0,155.0,"To Deliver and Bill"
"SAL-ORD-2026-00594","18-05-2026","Saras Granite","Dhar MouldG",84.0,12.0,0.0,0.0,2.0,28.0,8.0,224.0,"To Deliver and Bill"
"SAL-ORD-2026-00594","18-05-2026","Saras Granite","Granite Job Work",84.0,5.0,0.0,0.0,12.0,180.0,5.0,900.0,"To Deliver and Bill"
"SAL-ORD-2026-00594","18-05-2026","Saras Granite","Dhar MouldG",60.0,36.0,0.0,0.0,1.0,8.0,8.0,64.0,"To Deliver and Bill"
"SAL-ORD-2026-00594","18-05-2026","Saras Granite","Granite Job Work",36.0,8.0,0.0,0.0,4.0,30.0,5.0,150.0,"To Deliver and Bill"
"SAL-ORD-2026-00594","18-05-2026","Saras Granite","Granite Job Work",36.0,3.0,0.0,0.0,4.0,26.0,5.0,130.0,"To Deliver and Bill"
"SAL-ORD-2026-00594","18-05-2026","Saras Granite","Dhar MouldG",36.0,3.0,0.0,0.0,1.0,3.0,8.0,24.0,"To Deliver and Bill"
"SAL-ORD-2026-00594","18-05-2026","Saras Granite","Granite Job Work",84.0,3.0,0.0,0.0,12.0,174.0,5.0,870.0,"To Deliver and Bill"
"SAL-ORD-2026-00594","18-05-2026","Saras Granite","Granite Job Work",84.0,4.0,0.0,0.0,2.0,18.0,5.0,90.0,"To Deliver and Bill"
"SAL-ORD-2026-00594","18-05-2026","Saras Granite","Dhar MouldG",36.0,3.0,0.0,0.0,4.0,24.0,8.0,192.0,"To Deliver and Bill"
"SAL-ORD-2026-00594","18-05-2026","Saras Granite","Dhar MouldG",84.0,4.0,0.0,0.0,2.0,28.0,8.0,224.0,"To Deliver and Bill"
"SAL-ORD-2026-00594","18-05-2026","Saras Granite","Dhar MouldG",84.0,3.0,0.0,0.0,12.0,168.0,8.0,1344.0,"To Deliver and Bill"
"SAL-ORD-2026-00594","18-05-2026","Saras Granite","Dhar MouldG",42.0,4.0,0.0,0.0,1.0,7.0,8.0,56.0,"To Deliver and Bill"
"SAL-ORD-2026-00594","18-05-2026","Saras Granite","Granite Job Work",42.0,4.0,0.0,0.0,1.0,8.0,5.0,40.0,"To Deliver and Bill"
"SAL-ORD-2026-00594","18-05-2026","Saras Granite","Granite Job Work",36.0,2.5,0.0,0.0,1.0,6.5,5.0,32.5,"To Deliver and Bill"
"SAL-ORD-2026-00594","18-05-2026","Saras Granite","Dhar MouldG",30.0,3.0,0.0,0.0,2.0,10.0,8.0,80.0,"To Deliver and Bill"
"SAL-ORD-2026-00594","18-05-2026","Saras Granite","Granite Job Work",84.0,2.5,0.0,0.0,2.0,29.0,5.0,145.0,"To Deliver and Bill"
"SAL-ORD-2026-00594","18-05-2026","Saras Granite","Dhar MouldG",39.0,3.0,0.0,0.0,1.0,6.5,8.0,52.0,"To Deliver and Bill"
"SAL-ORD-2026-00594","18-05-2026","Saras Granite","Granite Job Work",30.0,5.0,0.0,0.0,1.0,6.0,5.0,30.0,"To Deliver and Bill"
"SAL-ORD-2026-00594","18-05-2026","Saras Granite","Granite Job Work",36.0,3.0,0.0,0.0,1.0,6.5,5.0,32.5,"To Deliver and Bill"
"SAL-ORD-2026-00594","18-05-2026","Saras Granite","Granite Job Work",39.0,3.0,0.0,0.0,1.0,7.0,5.0,35.0,"To Deliver and Bill"
"SAL-ORD-2026-00594","18-05-2026","Saras Granite","Dhar MouldG",30.0,5.0,0.0,0.0,1.0,2.5,8.0,20.0,"To Deliver and Bill"
"SAL-ORD-2026-00594","18-05-2026","Saras Granite","Dhar MouldG",84.0,2.5,0.0,0.0,2.0,28.0,8.0,224.0,"To Deliver and Bill"
"SAL-ORD-2026-00594","18-05-2026","Saras Granite","Granite Job Work",30.0,3.0,0.0,0.0,2.0,11.0,5.0,55.0,"To Deliver and Bill"
"SAL-ORD-2026-00594","18-05-2026","Saras Granite","Dhar MouldG",36.0,2.5,0.0,0.0,1.0,6.0,8.0,48.0,"To Deliver and Bill"
"SAL-ORD-2026-00594","18-05-2026","Saras Granite","Granite Job Work",60.0,36.0,0.0,0.0,1.0,16.0,5.0,80.0,"To Deliver and Bill"
"SAL-ORD-2026-00643","18-05-2026","Natural Granite","KOTA 84x30",81.0,29.0,84.0,30.0,1.0,17.5,77.0,1347.5,"To Deliver and Bill"
"SAL-ORD-2026-00643","18-05-2026","Natural Granite","KOTA 36x30",33.0,29.0,36.0,30.0,2.0,15.0,58.0,870.0,"To Deliver and Bill"
"SAL-ORD-2026-00643","18-05-2026","Natural Granite","KOTA 90x30",87.0,29.0,90.0,30.0,1.0,18.75,83.0,1556.25,"To Deliver and Bill"
"SAL-ORD-2026-00643","18-05-2026","Natural Granite","KOTA 96x30",92.0,26.0,96.0,30.0,1.0,20.0,84.0,1680.0,"To Deliver and Bill"
"SAL-ORD-2026-00644","18-05-2026","Ambamani Ramesh","KOTA 114x30",113.0,29.0,114.0,30.0,1.0,23.75,100.0,2375.0,"To Deliver and Bill"
"SAL-ORD-2026-00645","18-05-2026","Gurav Ashapura","KOTA 22x22 RAJ J",22.0,22.0,24.0,24.0,118.0,472.0,32.0,15104.0,"To Deliver and Bill"
"SAL-ORD-2026-00646","18-05-2026","Raju Balaji","KOTA 23x17 RAJ J",23.0,17.0,24.0,18.0,4.0,12.0,33.0,396.0,"To Deliver and Bill"
"SAL-ORD-2026-00647","18-05-2026","Bharat Chamunda Stone","KOTA 22X22 RAJ MIR",22.0,22.0,0.0,0.0,18.0,72.0,65.0,4680.0,"To Deliver and Bill"
"SAL-ORD-2026-00648","18-05-2026","Bhagawati Stone","KOTA 24x24 RAJ G",23.0,23.0,24.0,24.0,300.0,1200.0,37.0,44400.0,"To Deliver and Bill"
"SAL-ORD-2026-00649","18-05-2026","Shri Nakoda Bherav","KOTA 22x16 RAJ J",22.0,16.0,24.0,18.0,41.0,123.0,31.0,3813.0,"To Deliver and Bill"
"SAL-ORD-2026-00714","18-05-2026","Ronak New Gujarat Tiles","Dhar MouldG",66.0,23.0,0.0,0.0,1.0,7.65,15.0,114.75,"To Deliver and Bill"
"SAL-ORD-2026-00714","18-05-2026","Ronak New Gujarat Tiles","Tiles Job Work",66.0,23.0,0.0,0.0,1.0,15.0,15.0,225.0,"To Deliver and Bill"
"SAL-ORD-2026-00714","18-05-2026","Ronak New Gujarat Tiles","Dhar MouldG",66.5,25.5,0.0,0.0,1.0,8.0,15.0,120.0,"To Deliver and Bill"
"SAL-ORD-2026-00714","18-05-2026","Ronak New Gujarat Tiles","Tiles Job Work",66.5,25.5,0.0,0.0,1.0,16.0,15.0,240.0,"To Deliver and Bill"
"SAL-ORD-2026-00434","17-05-2026","Nandu Mandir Wala","Neno White",66.25,23.75,0.0,0.0,1.0,11.5,430.0,4945.0,"To Deliver and Bill"
"SAL-ORD-2026-00434","17-05-2026","Nandu Mandir Wala","Neno White",60.0,23.75,0.0,0.0,1.0,10.0,430.0,4300.0,"To Deliver and Bill"
"SAL-ORD-2026-00435","17-05-2026","Hardhik K.C","KOTA 24x24 RIV",22.0,22.0,24.0,24.0,12.0,48.0,40.0,1920.0,"To Deliver and Bill"
"SAL-ORD-2026-00436","17-05-2026","Ramesh Jain","R Black",30.0,4.0,0.0,0.0,4.0,5.0,80.0,400.0,"To Deliver and Bill"
"SAL-ORD-2026-00436","17-05-2026","Ramesh Jain","R Black",30.0,4.5,0.0,0.0,4.0,5.0,80.0,400.0,"To Deliver and Bill"
"SAL-ORD-2026-00436","17-05-2026","Ramesh Jain","R Black",86.0,4.0,0.0,0.0,8.0,29.0,80.0,2320.0,"To Deliver and Bill"
"SAL-ORD-2026-00436","17-05-2026","Ramesh Jain","R Black",30.0,8.0,0.0,0.0,3.0,5.625,80.0,450.0,"To Deliver and Bill"
"SAL-ORD-2026-00436","17-05-2026","Ramesh Jain","R Black",30.0,7.5,0.0,0.0,1.0,1.875,80.0,150.0,"To Deliver and Bill"
"SAL-ORD-2026-00436","17-05-2026","Ramesh Jain","R Black",86.0,4.5,0.0,0.0,8.0,29.0,80.0,2320.0,"To Deliver and Bill"
"SAL-ORD-2026-00436","17-05-2026","Ramesh Jain","Dhar MouldG",0.0,0.0,0.0,0.0,0.0,214.0,10.0,2140.0,"To Deliver and Bill"
"SAL-ORD-2026-00423","16-05-2026","Ajay Miy","Dhar MouldG",87.0,5.0,0.0,0.0,2.0,29.0,15.0,435.0,"To Deliver and Bill"
"SAL-ORD-2026-00423","16-05-2026","Ajay Miy","Dhar MouldG",36.0,3.5,0.0,0.0,1.0,6.0,15.0,90.0,"To Deliver and Bill"
"SAL-ORD-2026-00423","16-05-2026","Ajay Miy","Steel Gray",87.0,3.0,0.0,0.0,6.0,10.875,140.0,1522.5,"To Deliver and Bill"
"SAL-ORD-2026-00423","16-05-2026","Ajay Miy","Dhar MouldG",36.0,5.0,0.0,0.0,1.0,6.0,15.0,90.0,"To Deliver and Bill"
"SAL-ORD-2026-00423","16-05-2026","Ajay Miy","Steel Gray",87.0,5.0,0.0,0.0,2.0,7.25,140.0,1015.0,"To Deliver and Bill"
"SAL-ORD-2026-00423","16-05-2026","Ajay Miy","Dhar MouldG",87.0,3.5,0.0,0.0,2.0,29.0,15.0,435.0,"To Deliver and Bill"
"SAL-ORD-2026-00423","16-05-2026","Ajay Miy","Steel Gray",87.0,3.0,0.0,0.0,2.0,3.625,140.0,507.5,"To Deliver and Bill"
"SAL-ORD-2026-00423","16-05-2026","Ajay Miy","Dhar MouldG",87.0,5.0,0.0,0.0,6.0,87.0,15.0,1305.0,"To Deliver and Bill"
"SAL-ORD-2026-00423","16-05-2026","Ajay Miy","Dhar MouldG",28.0,3.0,0.0,0.0,1.0,5.0,15.0,75.0,"To Deliver and Bill"
"SAL-ORD-2026-00423","16-05-2026","Ajay Miy","Steel Gray",40.0,5.0,0.0,0.0,3.0,5.25,140.0,735.0,"To Deliver and Bill"
"SAL-ORD-2026-00423","16-05-2026","Ajay Miy","Steel Gray",40.0,3.0,0.0,0.0,3.0,2.625,140.0,367.5,"To Deliver and Bill"
"SAL-ORD-2026-00423","16-05-2026","Ajay Miy","Steel Gray",28.0,3.0,0.0,0.0,1.0,0.625,140.0,87.5,"To Deliver and Bill"
"SAL-ORD-2026-00423","16-05-2026","Ajay Miy","Dhar MouldG",87.0,3.0,0.0,0.0,2.0,29.0,15.0,435.0,"To Deliver and Bill"
"SAL-ORD-2026-00423","16-05-2026","Ajay Miy","Steel Gray",87.0,3.5,0.0,0.0,2.0,7.25,140.0,1015.0,"To Deliver and Bill"
"SAL-ORD-2026-00423","16-05-2026","Ajay Miy","Steel Gray",87.0,5.0,0.0,0.0,6.0,21.75,140.0,3045.0,"To Deliver and Bill"
"SAL-ORD-2026-00423","16-05-2026","Ajay Miy","Steel Gray",36.0,5.0,0.0,0.0,1.0,1.5,140.0,210.0,"To Deliver and Bill"
"SAL-ORD-2026-00423","16-05-2026","Ajay Miy","Dhar MouldG",40.0,5.0,0.0,0.0,3.0,21.0,15.0,315.0,"To Deliver and Bill"
"SAL-ORD-2026-00423","16-05-2026","Ajay Miy","Dhar MouldG",40.0,3.0,0.0,0.0,3.0,21.0,15.0,315.0,"To Deliver and Bill"
"SAL-ORD-2026-00423","16-05-2026","Ajay Miy","Dhar MouldG",87.0,3.0,0.0,0.0,6.0,87.0,15.0,1305.0,"To Deliver and Bill"
"SAL-ORD-2026-00423","16-05-2026","Ajay Miy","Steel Gray",36.0,3.5,0.0,0.0,1.0,1.5,140.0,210.0,"To Deliver and Bill"
"SAL-ORD-2026-00424","16-05-2026","Natural Granite","KOTA 36x30 DP",31.0,24.0,36.0,30.0,2.0,15.0,66.0,990.0,"To Deliver and Bill"
"SAL-ORD-2026-00425","16-05-2026","Cash x Carry","KOTA 24x24 MIR",22.0,22.0,24.0,24.0,9.0,36.0,39.0,1404.0,"To Deliver and Bill"
"SAL-ORD-2026-00425","16-05-2026","Cash x Carry","Lakha Red",30.0,7.0,0.0,0.0,1.0,1.875,180.0,337.5,"To Deliver and Bill"
"SAL-ORD-2026-00426","16-05-2026","Ramlalji C","Neno White",41.5,20.5,0.0,0.0,1.0,6.125,430.0,2633.75,"To Deliver and Bill"
"SAL-ORD-2026-00427","16-05-2026","Mahaveer Granite","KOTA 72x24 DP",71.0,20.0,72.0,24.0,2.0,24.0,68.0,1632.0,"To Deliver and Bill"
"SAL-ORD-2026-00427","16-05-2026","Mahaveer Granite","KOTA 72x24 DP",71.0,22.0,72.0,24.0,2.0,24.0,68.0,1632.0,"To Deliver and Bill"
"SAL-ORD-2026-00427","16-05-2026","Mahaveer Granite","KOTA 78x30 DP",72.0,12.0,78.0,30.0,2.0,16.25,82.0,1332.5,"To Deliver and Bill"
"SAL-ORD-2026-00428","16-05-2026","Motiram","P White",42.0,27.0,0.0,0.0,1.0,7.875,65.0,511.88,"To Deliver and Bill"
"SAL-ORD-2026-00429","16-05-2026","Reva Mohit","KOTA 72x30",68.0,28.0,72.0,30.0,1.0,15.0,73.0,1095.0,"To Deliver and Bill"
"SAL-ORD-2026-00430","16-05-2026","Salachar G","KOTA 24x18 RAJ G",23.0,17.0,24.0,18.0,185.0,555.0,36.0,19980.0,"To Deliver and Bill"
"SAL-ORD-2026-00431","16-05-2026","Hanuman Granite","KOTA 36x30",30.0,26.5,36.0,30.0,1.0,7.5,58.0,435.0,"To Deliver and Bill"
"SAL-ORD-2026-00431","16-05-2026","Hanuman Granite","KOTA 36x30",30.0,12.0,36.0,30.0,2.0,7.5,58.0,435.0,"To Deliver and Bill"
"SAL-ORD-2026-00432","16-05-2026","Natural Granite","KOTA 42x30",36.0,25.0,42.0,30.0,1.0,8.75,60.0,525.0,"To Deliver and Bill"
"SAL-ORD-2026-00432","16-05-2026","Natural Granite","KOTA 78x24",76.0,22.0,78.0,24.0,1.0,13.0,62.0,806.0,"To Deliver and Bill"
"SAL-ORD-2026-00433","16-05-2026","Rudra Granite","KOTA 84x30",78.0,25.0,84.0,30.0,2.0,35.0,74.0,2590.0,"To Deliver and Bill"
"SAL-ORD-2026-00641","16-05-2026","Ankur Marble","KOTA 24x24 RAJ G",22.0,22.0,24.0,24.0,32.0,128.0,37.0,4736.0,"To Deliver and Bill"
"SAL-ORD-2026-00642","16-05-2026","Bhagawati Stone","KOTA 24x24 RAJ G",22.5,22.5,24.0,24.0,125.0,500.0,37.0,18500.0,"To Deliver and Bill"
"SAL-ORD-2026-00411","15-05-2026","Reva Mohit","Kaddpa 24x24 ROU",23.0,19.0,24.0,24.0,20.0,80.0,36.0,2880.0,"To Deliver and Bill"
"SAL-ORD-2026-00412","15-05-2026","Hanuman Granite","KOTA 72x30",71.0,24.0,72.0,30.0,1.0,15.0,73.0,1095.0,"To Deliver and Bill"
"SAL-ORD-2026-00413-1","15-05-2026","Sardarji","Green Marble",38.0,10.0,0.0,0.0,1.0,3.25,55.0,178.75,"To Deliver and Bill"
"SAL-ORD-2026-00413-1","15-05-2026","Sardarji","Green Marble",25.0,10.0,0.0,0.0,2.0,4.5,55.0,247.5,"To Deliver and Bill"
"SAL-ORD-2026-00413-1","15-05-2026","Sardarji","Green Marble",28.0,15.0,0.0,0.0,1.0,3.125,55.0,171.88,"To Deliver and Bill"
"SAL-ORD-2026-00413-1","15-05-2026","Sardarji","Green Marble",27.0,10.0,0.0,0.0,2.0,4.5,55.0,247.5,"To Deliver and Bill"
"SAL-ORD-2026-00413-1","15-05-2026","Sardarji","Green Marble",60.0,13.0,0.0,0.0,1.0,6.25,55.0,343.75,"To Deliver and Bill"
"SAL-ORD-2026-00413-1","15-05-2026","Sardarji","Green Marble",60.0,24.0,0.0,0.0,2.0,20.0,55.0,1100.0,"To Deliver and Bill"
"SAL-ORD-2026-00413-1","15-05-2026","Sardarji","Green Marble",60.0,21.0,0.0,0.0,4.0,35.0,55.0,1925.0,"To Deliver and Bill"
"SAL-ORD-2026-00413-1","15-05-2026","Sardarji","Green Marble",44.0,21.0,0.0,0.0,1.0,6.562,55.0,360.91,"To Deliver and Bill"
"SAL-ORD-2026-00413-1","15-05-2026","Sardarji","Green Marble",21.0,10.0,0.0,0.0,2.0,3.5,55.0,192.5,"To Deliver and Bill"
"SAL-ORD-2026-00413-1","15-05-2026","Sardarji","Green Marble",38.0,24.0,0.0,0.0,2.0,13.0,55.0,715.0,"To Deliver and Bill"
"SAL-ORD-2026-00413-1","15-05-2026","Sardarji","Green Marble",42.0,12.0,0.0,0.0,1.0,3.5,55.0,192.5,"To Deliver and Bill"
"SAL-ORD-2026-00413-1","15-05-2026","Sardarji","Green Marble",21.0,9.0,0.0,0.0,2.0,2.625,55.0,144.38,"To Deliver and Bill"
"SAL-ORD-2026-00413-1","15-05-2026","Sardarji","Green Marble",84.0,24.0,0.0,0.0,1.0,14.0,55.0,770.0,"To Deliver and Bill"
"SAL-ORD-2026-00413-1","15-05-2026","Sardarji","Green Marble",98.0,13.0,0.0,0.0,1.0,10.312,55.0,567.16,"To Deliver and Bill"
"SAL-ORD-2026-00413-1","15-05-2026","Sardarji","Green Marble",60.0,24.0,0.0,0.0,1.0,10.0,55.0,550.0,"To Deliver and Bill"
"SAL-ORD-2026-00414","15-05-2026","Hanuman Granite","KOTA 78x30",76.0,26.5,78.0,30.0,1.0,16.25,74.0,1202.5,"To Deliver and Bill"
"SAL-ORD-2026-00415","15-05-2026","Reva Mohit","KOTA 48x30 DP",45.0,28.0,48.0,30.0,1.0,10.0,71.0,710.0,"To Deliver and Bill"
"SAL-ORD-2026-00415","15-05-2026","Reva Mohit","KOTA 66x30",63.0,27.5,66.0,30.0,2.0,27.5,78.0,2145.0,"To Deliver and Bill"
"SAL-ORD-2026-00415","15-05-2026","Reva Mohit","KOTA 36x30 DP",34.5,28.5,36.0,30.0,1.0,7.5,66.0,495.0,"To Deliver and Bill"
"SAL-ORD-2026-00415","15-05-2026","Reva Mohit","KOTA 48x30 DP",45.0,28.5,48.0,30.0,1.0,10.0,71.0,710.0,"To Deliver and Bill"
"SAL-ORD-2026-00416","15-05-2026","Chirag Tirupati Balaji","KOTA 96x30",95.0,29.0,96.0,30.0,8.0,160.0,84.0,13440.0,"To Deliver and Bill"
"SAL-ORD-2026-00417","15-05-2026","Natural Granite","KOTA 48x30 DP",45.0,24.0,48.0,30.0,1.0,10.0,71.0,710.0,"To Deliver and Bill"
"SAL-ORD-2026-00417","15-05-2026","Natural Granite","KOTA 114x24 DP",108.0,18.0,114.0,24.0,1.0,19.0,90.0,1710.0,"To Deliver and Bill"
"SAL-ORD-2026-00417","15-05-2026","Natural Granite","KOTA 36x24 DP",32.0,18.0,36.0,24.0,3.0,18.0,54.0,972.0,"To Deliver and Bill"
"SAL-ORD-2026-00417","15-05-2026","Natural Granite","KOTA 36x30 DP",32.0,24.0,36.0,30.0,4.0,30.0,66.0,1980.0,"To Deliver and Bill"
"SAL-ORD-2026-00417","15-05-2026","Natural Granite","KOTA 54x30 DP",48.0,24.0,54.0,30.0,1.0,11.25,74.0,832.5,"To Deliver and Bill"
"SAL-ORD-2026-00418","15-05-2026","Natural Granite","KOTA 30x24",26.25,21.0,30.0,24.0,1.0,5.0,43.0,215.0,"To Deliver and Bill"
"SAL-ORD-2026-00419","15-05-2026","Cash x Carry","KOTA 66x24",65.0,14.0,66.0,24.0,4.0,33.0,65.0,2145.0,"To Deliver and Bill"
"SAL-ORD-2026-00419","15-05-2026","Cash x Carry","KOTA 66x24",65.0,4.0,66.0,24.0,3.0,8.25,60.0,495.0,"To Deliver and Bill"
"SAL-ORD-2026-00419","15-05-2026","Cash x Carry","KOTA PATI",23.0,3.0,0.0,0.0,50.0,100.0,12.5,1250.0,"To Deliver and Bill"
"SAL-ORD-2026-00419","15-05-2026","Cash x Carry","KOTA 24x24 RAJ G",23.0,23.0,24.0,24.0,20.0,80.0,38.0,3040.0,"To Deliver and Bill"
"SAL-ORD-2026-00419","15-05-2026","Cash x Carry","R Black",57.0,6.0,0.0,0.0,1.0,2.375,80.0,190.0,"To Deliver and Bill"
"SAL-ORD-2026-00419","15-05-2026","Cash x Carry","Dhar MouldG",85.0,11.5,0.0,0.0,1.0,14.5,15.0,217.5,"To Deliver and Bill"
"SAL-ORD-2026-00419","15-05-2026","Cash x Carry","R Black",60.0,11.5,0.0,0.0,1.0,5.0,80.0,400.0,"To Deliver and Bill"
"SAL-ORD-2026-00419","15-05-2026","Cash x Carry","Dhar MouldG",60.0,11.5,0.0,0.0,1.0,10.0,15.0,150.0,"To Deliver and Bill"
"SAL-ORD-2026-00419","15-05-2026","Cash x Carry","R Black",85.0,11.5,0.0,0.0,1.0,7.25,80.0,580.0,"To Deliver and Bill"
"SAL-ORD-2026-00419","15-05-2026","Cash x Carry","R Black",36.0,12.0,0.0,0.0,1.0,3.0,80.0,240.0,"To Deliver and Bill"
"SAL-ORD-2026-00419","15-05-2026","Cash x Carry","Dhar MouldG",57.0,6.0,0.0,0.0,1.0,5.5,15.0,82.5,"To Deliver and Bill"
"SAL-ORD-2026-00420","15-05-2026","Ramdev Zundal","KOTA 42x30 DP",41.0,27.0,42.0,30.0,21.0,183.75,68.0,12495.0,"To Deliver and Bill"
"SAL-ORD-2026-00422","15-05-2026","Hardhik K.C","KOTA 36x30",35.0,29.0,36.0,30.0,15.0,112.5,58.0,6525.0,"To Deliver and Bill"
"SAL-ORD-2026-00422","15-05-2026","Hardhik K.C","KOTA 42x30",41.0,29.0,42.0,30.0,1.0,8.75,60.0,525.0,"To Deliver and Bill"
"SAL-ORD-2026-00639","15-05-2026","Bhagawati Stone","KOTA 24x18 RAJ G",23.0,17.0,24.0,18.0,10.0,30.0,36.0,1080.0,"To Deliver and Bill"
"SAL-ORD-2026-00640","15-05-2026","Dipesh Tiles","KOTA 22X22 RAJ MIR",22.0,22.0,0.0,0.0,80.0,320.0,65.0,20800.0,"To Deliver and Bill"
"SAL-ORD-2026-00400","14-05-2026","Ambika Goutam","Neno White",42.0,6.0,0.0,0.0,1.0,1.75,400.0,700.0,"To Deliver and Bill"
"SAL-ORD-2026-00401","14-05-2026","Ambika Goutam","KOTA 36x24",31.0,22.0,36.0,24.0,1.0,6.0,46.0,276.0,"To Deliver and Bill"
"SAL-ORD-2026-00401","14-05-2026","Ambika Goutam","KOTA 42x24",41.0,22.0,42.0,24.0,1.0,7.0,49.0,343.0,"To Deliver and Bill"
"SAL-ORD-2026-00401","14-05-2026","Ambika Goutam","KOTA 42x24",38.0,22.0,42.0,24.0,1.0,7.0,49.0,343.0,"To Deliver and Bill"
"SAL-ORD-2026-00402","14-05-2026","Saaras G Manish","R Black",48.0,12.0,0.0,0.0,1.0,4.0,75.0,300.0,"To Deliver and Bill"
"SAL-ORD-2026-00402","14-05-2026","Saaras G Manish","R Black",24.0,15.0,0.0,0.0,18.0,45.0,75.0,3375.0,"To Deliver and Bill"
"SAL-ORD-2026-00403","14-05-2026","Patidar","KOTA 60x24",55.0,23.0,60.0,24.0,1.0,10.0,57.0,570.0,"To Deliver and Bill"
"SAL-ORD-2026-00404","14-05-2026","Natural Granite","KOTA 36x24",35.0,23.0,36.0,24.0,2.0,12.0,46.0,552.0,"To Deliver and Bill"
"SAL-ORD-2026-00404","14-05-2026","Natural Granite","KOTA 30x24",29.0,23.0,30.0,24.0,1.0,5.0,43.0,215.0,"To Deliver and Bill"
"SAL-ORD-2026-00405","14-05-2026","Majjisha Rishi","KOTA 24x18 RAJ G",23.0,17.0,24.0,18.0,25.0,75.0,36.0,2700.0,"To Deliver and Bill"
"SAL-ORD-2026-00406","14-05-2026","Chadubhai Balaji","Neno White",30.0,19.0,0.0,0.0,1.0,4.375,430.0,1881.25,"To Deliver and Bill"
"SAL-ORD-2026-00407","14-05-2026","Nandu Mandir Wala","Neno White",48.0,23.5,0.0,0.0,1.0,8.0,430.0,3440.0,"To Deliver and Bill"
"SAL-ORD-2026-00407","14-05-2026","Nandu Mandir Wala","Neno White",36.0,22.0,0.0,0.0,1.0,6.0,430.0,2580.0,"To Deliver and Bill"
"SAL-ORD-2026-00408","14-05-2026","Reva Mohit","KOTA 60x30",56.0,28.0,60.0,30.0,2.0,25.0,69.0,1725.0,"To Deliver and Bill"
"SAL-ORD-2026-00408","14-05-2026","Reva Mohit","KOTA 60x30",55.0,28.0,60.0,30.0,1.0,12.5,69.0,862.5,"To Deliver and Bill"
"SAL-ORD-2026-00409","14-05-2026","Shree Ram Stonex","Neno White",38.0,10.0,0.0,0.0,1.0,3.25,430.0,1397.5,"To Deliver and Bill"
"SAL-ORD-2026-00410","14-05-2026","Shree Ram Stonex","KOTA 102x30",101.0,29.0,102.0,30.0,3.0,63.75,100.0,6375.0,"To Deliver and Bill"
"SAL-ORD-2026-00589","14-05-2026","Sachiyay Granite","Granite Job Work",30.0,6.0,0.0,0.0,1.0,6.0,4.0,24.0,"To Deliver and Bill"
"SAL-ORD-2026-00589","14-05-2026","Sachiyay Granite","Granite Job Work",30.0,3.0,0.0,0.0,1.0,5.5,4.0,22.0,"To Deliver and Bill"
"SAL-ORD-2026-00589","14-05-2026","Sachiyay Granite","Granite Job Work",84.0,3.0,0.0,0.0,2.0,29.0,4.0,116.0,"To Deliver and Bill"
"SAL-ORD-2026-00589","14-05-2026","Sachiyay Granite","Granite Job Work",84.0,6.0,0.0,0.0,2.0,30.0,4.0,120.0,"To Deliver and Bill"
"SAL-ORD-2026-00590-1","14-05-2026","J K Burad","KOTA 24x24",22.0,22.0,24.0,24.0,1.0,4.0,37.0,148.0,"To Deliver and Bill"
"SAL-ORD-2026-00590-1","14-05-2026","J K Burad","R Black",94.0,22.0,0.0,0.0,1.0,16.0,75.0,1200.0,"To Deliver and Bill"
"SAL-ORD-2026-00590-1","14-05-2026","J K Burad","R Black",72.0,24.0,0.0,0.0,4.0,48.0,75.0,3600.0,"To Deliver and Bill"
"SAL-ORD-2026-00590-1","14-05-2026","J K Burad","R Black",36.0,27.0,0.0,0.0,1.0,6.75,75.0,506.25,"To Deliver and Bill"
"SAL-ORD-2026-00590-1","14-05-2026","J K Burad","R Black",75.0,27.0,0.0,0.0,1.0,14.062,75.0,1054.65,"To Deliver and Bill"
"SAL-ORD-2026-00590-1","14-05-2026","J K Burad","KOTA 24x18",22.0,16.0,24.0,18.0,1.0,3.0,36.0,108.0,"To Deliver and Bill"
"SAL-ORD-2026-00591","14-05-2026","Sachiyay Granite","Granite Job Work",22.0,17.0,0.0,0.0,1.0,7.0,4.0,28.0,"To Deliver and Bill"
"SAL-ORD-2026-00591","14-05-2026","Sachiyay Granite","Granite Job Work",47.25,13.25,0.0,0.0,1.0,10.5,4.0,42.0,"To Deliver and Bill"
"SAL-ORD-2026-00591","14-05-2026","Sachiyay Granite","Granite Job Work",21.0,17.0,0.0,0.0,1.0,7.0,4.0,28.0,"To Deliver and Bill"
"SAL-ORD-2026-00591","14-05-2026","Sachiyay Granite","Granite Job Work",23.5,18.0,0.0,0.0,1.0,7.0,4.0,28.0,"To Deliver and Bill"
"SAL-ORD-2026-00630","14-05-2026","Hardhik K.C","KOTA 22x22 RAJ P",22.0,22.0,24.0,24.0,27.0,108.0,30.0,3240.0,"To Deliver and Bill"
"SAL-ORD-2026-00631","14-05-2026","M D STONE","KOTA 22X22 RAJ MIR",22.0,22.0,0.0,0.0,90.0,360.0,60.0,21600.0,"To Deliver and Bill"
"SAL-ORD-2026-00632","14-05-2026","Jay Bhawani Yug Darbar","KOTA 24x24 RAJ G",22.5,22.5,24.0,24.0,80.0,320.0,37.0,11840.0,"To Deliver and Bill"
"SAL-ORD-2026-00633","14-05-2026","Dilip C S","KOTA 24x24 RAJ G",23.0,23.0,24.0,24.0,12.0,48.0,37.0,1776.0,"To Deliver and Bill"
"SAL-ORD-2026-00634","14-05-2026","Kamdhenu G","KOTA 24x18 RAJ G",23.0,17.0,24.0,18.0,170.0,510.0,36.0,18360.0,"To Deliver and Bill"
"SAL-ORD-2026-00635","14-05-2026","Bhagawati Stone","KOTA 24x18 RAJ G",23.0,17.0,24.0,18.0,20.0,60.0,36.0,2160.0,"To Deliver and Bill"
"SAL-ORD-2026-00636","14-05-2026","Reva Mohit","KOTA PATI",23.0,3.0,0.0,0.0,0.0,300.0,12.0,3600.0,"To Deliver and Bill"
"SAL-ORD-2026-00637","14-05-2026","Kamdhenu G","KOTA 22x22 RAJ J",22.0,22.0,24.0,24.0,100.0,400.0,32.0,12800.0,"To Deliver and Bill"
"SAL-ORD-2026-00638","14-05-2026","Jain Marble","KOTA 24x18 RAJ G",23.0,16.0,24.0,18.0,28.0,84.0,36.0,3024.0,"To Deliver and Bill"
"SAL-ORD-2026-00721","14-05-2026","Ramesh Jain","MARBLE",42.0,24.0,0.0,0.0,1.0,7.0,65.0,455.0,"To Deliver and Bill"
"SAL-ORD-2026-00722","14-05-2026","Natural Granite","KOTA 84x36",83.0,30.0,84.0,36.0,1.0,21.0,150.0,3150.0,"To Deliver and Bill"
"SAL-ORD-2026-00722","14-05-2026","Natural Granite","KOTA 48x36",43.25,30.0,48.0,36.0,1.0,12.0,105.0,1260.0,"To Deliver and Bill"
"SAL-ORD-2026-00392","13-05-2026","Bhagawati Stone","KOTA 48x30",47.0,29.0,48.0,30.0,2.0,20.0,63.0,1260.0,"To Deliver and Bill"
"SAL-ORD-2026-00392","13-05-2026","Bhagawati Stone","KOTA 66x30 DP",63.0,29.0,66.0,30.0,1.0,13.75,78.0,1072.5,"To Deliver and Bill"
"SAL-ORD-2026-00392","13-05-2026","Bhagawati Stone","KOTA 90x30 DP",87.0,29.0,90.0,30.0,1.0,18.75,90.0,1687.5,"To Deliver and Bill"
"SAL-ORD-2026-00392","13-05-2026","Bhagawati Stone","KOTA 66x30",65.0,29.0,66.0,30.0,3.0,41.25,70.0,2887.5,"To Deliver and Bill"
"SAL-ORD-2026-00393","13-05-2026","Ambika Goutam","R Black",52.0,12.0,0.0,0.0,2.0,9.0,80.0,720.0,"To Deliver and Bill"
"SAL-ORD-2026-00393","13-05-2026","Ambika Goutam","R Black",37.0,12.0,0.0,0.0,1.0,3.25,80.0,260.0,"To Deliver and Bill"
"SAL-ORD-2026-00393","13-05-2026","Ambika Goutam","R Black",96.0,12.0,0.0,0.0,2.0,16.0,80.0,1280.0,"To Deliver and Bill"
"SAL-ORD-2026-00393","13-05-2026","Ambika Goutam","Kaddpa 24x24",24.0,1.0,0.0,0.0,40.0,80.0,10.0,800.0,"To Deliver and Bill"
"SAL-ORD-2026-00393","13-05-2026","Ambika Goutam","R Black",61.0,12.0,0.0,0.0,2.0,10.5,80.0,840.0,"To Deliver and Bill"
"SAL-ORD-2026-00394","13-05-2026","Jigar Panchal","KOTA 22x16 RAJ J",22.0,16.0,24.0,18.0,400.0,1200.0,31.0,37200.0,"To Deliver and Bill"
"SAL-ORD-2026-00395","13-05-2026","Majjisha Rishi","KOTA 78x30",75.0,25.0,78.0,30.0,1.0,16.25,74.0,1202.5,"To Deliver and Bill"
"SAL-ORD-2026-00395","13-05-2026","Majjisha Rishi","KOTA 66x24",61.0,20.0,66.0,24.0,1.0,11.0,58.0,638.0,"To Deliver and Bill"
"SAL-ORD-2026-00395","13-05-2026","Majjisha Rishi","KOTA 30x24",29.0,20.0,30.0,24.0,1.0,5.0,43.0,215.0,"To Deliver and Bill"
"SAL-ORD-2026-00396","13-05-2026","Ramdev Zundal","Neno White",31.5,6.7,0.0,0.0,1.0,2.062,430.0,886.66,"To Deliver and Bill"
"SAL-ORD-2026-00396","13-05-2026","Ramdev Zundal","Neno White",35.43,6.7,0.0,0.0,1.0,2.25,430.0,967.5,"To Deliver and Bill"
"SAL-ORD-2026-00396","13-05-2026","Ramdev Zundal","Neno White",39.37,6.5,0.0,0.0,1.0,2.625,430.0,1128.75,"To Deliver and Bill"
"SAL-ORD-2026-00397","13-05-2026","Hardhik K.C","KOTA 60x24",59.0,3.0,60.0,24.0,12.0,20.0,57.0,1140.0,"To Deliver and Bill"
"SAL-ORD-2026-00397","13-05-2026","Hardhik K.C","KOTA 66x24",65.0,3.0,66.0,24.0,39.0,66.0,58.0,3828.0,"To Deliver and Bill"
"SAL-ORD-2026-00397","13-05-2026","Hardhik K.C","KOTA 72x24",71.0,18.0,72.0,24.0,4.0,48.0,60.0,2880.0,"To Deliver and Bill"
"SAL-ORD-2026-00398","13-05-2026","Majjisha Rishi","KOTA 30x24",29.0,22.5,30.0,24.0,6.0,30.0,43.0,1290.0,"To Deliver and Bill"
"SAL-ORD-2026-00398","13-05-2026","Majjisha Rishi","KOTA 90x24",87.0,22.5,90.0,24.0,1.0,15.0,69.0,1035.0,"To Deliver and Bill"
"SAL-ORD-2026-00398","13-05-2026","Majjisha Rishi","KOTA 54x24",50.0,22.5,54.0,24.0,1.0,9.0,52.0,468.0,"To Deliver and Bill"
"SAL-ORD-2026-00398","13-05-2026","Majjisha Rishi","KOTA 54x24",53.0,22.5,54.0,24.0,1.0,9.0,52.0,468.0,"To Deliver and Bill"
"SAL-ORD-2026-00399","13-05-2026","Hanuman Granite","KOTA 30x30",29.0,24.0,30.0,30.0,2.0,12.5,56.0,700.0,"To Deliver and Bill"
"SAL-ORD-2026-00399","13-05-2026","Hanuman Granite","KOTA 24x24 FIN",23.0,17.0,24.0,24.0,10.0,30.0,45.0,1350.0,"To Deliver and Bill"
"SAL-ORD-2026-00399","13-05-2026","Hanuman Granite","KOTA 36x36",30.0,30.0,36.0,36.0,1.0,9.0,90.0,810.0,"To Deliver and Bill"
"SAL-ORD-2026-00399","13-05-2026","Hanuman Granite","KOTA 66x30",60.0,24.0,66.0,30.0,1.0,13.75,70.0,962.5,"To Deliver and Bill"
"SAL-ORD-2026-00399","13-05-2026","Hanuman Granite","KOTA 48x30",46.0,27.0,48.0,30.0,1.0,10.0,63.0,630.0,"To Deliver and Bill"
"SAL-ORD-2026-00586","13-05-2026","Hardhik K.C","Kotra Black",48.0,12.0,0.0,0.0,20.0,80.0,50.0,4000.0,"To Deliver and Bill"
"SAL-ORD-2026-00586","13-05-2026","Hardhik K.C","Kotra Black",27.0,12.0,0.0,0.0,20.0,45.0,50.0,2250.0,"To Deliver and Bill"
"SAL-ORD-2026-00587","13-05-2026","Cash x Carry","Granite Job Work",0.0,6.0,0.0,0.0,1.0,317.33,5.0,1586.65,"To Deliver and Bill"
"SAL-ORD-2026-00587","13-05-2026","Cash x Carry","Dhar MouldG",0.0,0.0,0.0,0.0,1.0,291.0,7.95,2313.45,"To Deliver and Bill"
"SAL-ORD-2026-00588","13-05-2026","Natural Granite","DP",29.0,15.0,0.0,0.0,8.0,40.0,28.0,1120.0,"To Deliver and Bill"
"SAL-ORD-2026-00588","13-05-2026","Natural Granite","KOTA 48x24 MIR",42.0,21.0,48.0,24.0,8.0,64.0,60.0,3840.0,"To Deliver and Bill"
"SAL-ORD-2026-00588","13-05-2026","Natural Granite","KOTA 30x24 MIR",29.0,15.0,30.0,30.0,8.0,40.0,53.0,2120.0,"To Deliver and Bill"
"SAL-ORD-2026-00588","13-05-2026","Natural Granite","KOTA 66x30 MIR",64.0,13.0,66.0,30.0,8.0,55.0,80.0,4400.0,"To Deliver and Bill"
"SAL-ORD-2026-00588","13-05-2026","Natural Granite","DP",64.0,13.0,0.0,0.0,8.0,55.0,15.0,825.0,"To Deliver and Bill"
"SAL-ORD-2026-00588","13-05-2026","Natural Granite","DP",42.0,21.0,0.0,0.0,8.0,64.0,15.0,960.0,"To Deliver and Bill"
"SAL-ORD-2026-00624","13-05-2026","Reva Mohit","KOTA 22x16 RAJ P",22.0,16.0,24.0,18.0,72.0,216.0,29.0,6264.0,"To Deliver and Bill"
"SAL-ORD-2026-00625","13-05-2026","Ambamani Ramesh","KOTA 22x22 RAJ J",22.0,22.0,24.0,24.0,180.0,720.0,32.0,23040.0,"To Deliver and Bill"
"SAL-ORD-2026-00625","13-05-2026","Ambamani Ramesh","KOTA 22x22 RAJ J",22.0,22.0,24.0,24.0,180.0,720.0,32.0,23040.0,"To Deliver and Bill"
"SAL-ORD-2026-00626","13-05-2026","Dilip C S","KOTA 22x22 RAJ RUF J",22.0,22.0,24.0,24.0,32.0,128.0,31.0,3968.0,"To Deliver and Bill"
"SAL-ORD-2026-00627","13-05-2026","M D STONE","KOTA 22X22 RAJ MIR",22.0,22.0,0.0,0.0,140.0,560.0,60.0,33600.0,"To Deliver and Bill"
"SAL-ORD-2026-00628","13-05-2026","Ambika Goutam","KOTA 24x18 RAJ G",23.0,17.0,24.0,18.0,30.0,90.0,37.0,3330.0,"To Deliver and Bill"
"SAL-ORD-2026-00629","13-05-2026","Dilip C S","KOTA 22x22 RAJ RUF J",22.0,22.0,24.0,24.0,30.0,120.0,31.0,3720.0,"To Deliver and Bill"
"SAL-ORD-2026-00382","12-05-2026","Shakti Ceramic","KOTA 66x24",65.5,23.0,66.0,24.0,2.0,22.0,58.0,1276.0,"To Deliver and Bill"
"SAL-ORD-2026-00382","12-05-2026","Shakti Ceramic","KOTA 30x24",27.0,23.0,30.0,24.0,5.0,25.0,43.0,1075.0,"To Deliver and Bill"
"SAL-ORD-2026-00383","12-05-2026","Rocks Studio","KOTA 72x24 DP",71.0,19.0,72.0,24.0,4.0,48.0,68.0,3264.0,"To Deliver and Bill"
"SAL-ORD-2026-00384","12-05-2026","Natural Granite","KOTA 22x22 RUF RAJ J",22.0,22.0,24.0,24.0,85.0,340.0,30.0,10200.0,"To Deliver and Bill"
"SAL-ORD-2026-00385","12-05-2026","Cash x Carry","C.Brown",0.0,0.0,0.0,0.0,1.0,55.375,165.0,9136.88,"To Deliver and Bill"
"SAL-ORD-2026-00385","12-05-2026","Cash x Carry","P White",0.0,0.0,0.0,0.0,1.0,25.0,65.0,1625.0,"To Deliver and Bill"
"SAL-ORD-2026-00386","12-05-2026","Reva Mohit","KOTA 24x24 RIV",23.0,17.0,24.0,24.0,15.0,45.0,40.0,1800.0,"To Deliver and Bill"
"SAL-ORD-2026-00387","12-05-2026","Hanuman Granite","Neno White",39.0,39.0,0.0,0.0,2.0,21.125,430.0,9083.75,"To Deliver and Bill"
"SAL-ORD-2026-00387","12-05-2026","Hanuman Granite","Neno White",60.0,24.0,0.0,0.0,1.0,10.0,430.0,4300.0,"To Deliver and Bill"
"SAL-ORD-2026-00388","12-05-2026","Ramlalji C","KOTA 72x24",71.0,18.0,72.0,24.0,1.0,12.0,60.0,720.0,"To Deliver and Bill"
"SAL-ORD-2026-00389","12-05-2026","kanaram Somnath","Neno White",59.0,2.0,0.0,0.0,2.0,2.5,421.0,1052.5,"To Deliver and Bill"
"SAL-ORD-2026-00389","12-05-2026","kanaram Somnath","Neno White",59.0,24.0,0.0,0.0,1.0,10.0,421.0,4210.0,"To Deliver and Bill"
"SAL-ORD-2026-00389","12-05-2026","kanaram Somnath","Neno White",24.0,2.0,0.0,0.0,1.0,0.5,421.0,210.5,"To Deliver and Bill"
"SAL-ORD-2026-00389","12-05-2026","kanaram Somnath","Neno White",50.25,23.0,0.0,0.0,1.0,8.5,421.0,3578.5,"To Deliver and Bill"
"SAL-ORD-2026-00390","12-05-2026","Cash x Carry","KOTA 22x16 RAJ J",22.0,16.0,24.0,18.0,1.0,3.0,33.33,99.99,"To Deliver and Bill"
"SAL-ORD-2026-00391","12-05-2026","Shree Ram Stonex","Neno White",29.5,2.0,0.0,0.0,1.0,0.625,430.0,268.75,"To Deliver and Bill"
"SAL-ORD-2026-00391","12-05-2026","Shree Ram Stonex","Neno White",29.5,15.0,0.0,0.0,1.0,3.125,430.0,1343.75,"To Deliver and Bill"
"SAL-ORD-2026-00391","12-05-2026","Shree Ram Stonex","Neno White",15.0,2.0,0.0,0.0,2.0,0.625,430.0,268.75,"To Deliver and Bill"
"SAL-ORD-2026-00617","12-05-2026","Siddhhi Vinayak Himanshu","KOTA 23x23 RAJ J",23.0,23.0,24.0,24.0,50.0,200.0,35.0,7000.0,"To Deliver and Bill"
"SAL-ORD-2026-00619","12-05-2026","Gurav Ashapura","KOTA 22x22 RAJ J",22.0,22.0,24.0,24.0,120.0,480.0,32.0,15360.0,"To Deliver and Bill"
"SAL-ORD-2026-00620","12-05-2026","Hanuman Granite","KOTA 24x24 RAJ G",22.5,22.5,24.0,24.0,50.0,200.0,37.0,7400.0,"To Deliver and Bill"
"SAL-ORD-2026-00621","12-05-2026","Hardhik K.C","KOTA 22x16 RAJ P",22.0,16.0,24.0,18.0,20.0,60.0,29.0,1740.0,"To Deliver and Bill"
"SAL-ORD-2026-00622","12-05-2026","Hardhik K.C","KOTA 24x18 RAJ G",22.0,16.0,24.0,18.0,10.0,30.0,37.0,1110.0,"To Deliver and Bill"
"SAL-ORD-2026-00356","11-05-2026","Salachar G","KOTA 23x17 RAJ J",23.0,17.0,24.0,18.0,9.0,27.0,33.0,891.0,"To Deliver and Bill"
"SAL-ORD-2026-00357","11-05-2026","Motiram","P White",75.0,22.5,0.0,0.0,1.0,12.5,65.0,812.5,"To Deliver and Bill"
"SAL-ORD-2026-00357","11-05-2026","Motiram","P White",36.0,18.0,0.0,0.0,3.0,13.5,65.0,877.5,"To Deliver and Bill"
"SAL-ORD-2026-00357","11-05-2026","Motiram","P White",38.25,14.5,0.0,0.0,7.0,28.438,65.0,1848.47,"To Deliver and Bill"
"SAL-ORD-2026-00357","11-05-2026","Motiram","P White",22.5,17.0,0.0,0.0,1.0,3.0,65.0,195.0,"To Deliver and Bill"
"SAL-ORD-2026-00358","11-05-2026","Motiram","P White",22.5,18.0,0.0,0.0,2.0,6.0,65.0,390.0,"To Deliver and Bill"
"SAL-ORD-2026-00360","11-05-2026","Cash x Carry","P White",63.0,24.0,0.0,0.0,1.0,10.5,65.0,682.5,"To Deliver and Bill"
"SAL-ORD-2026-00360","11-05-2026","Cash x Carry","P White",60.0,24.0,0.0,0.0,2.0,20.0,65.0,1300.0,"To Deliver and Bill"
"SAL-ORD-2026-00361","11-05-2026","Bhoomaa Marble","KOTA 36x30",33.0,27.0,36.0,30.0,2.0,15.0,58.0,870.0,"To Deliver and Bill"
"SAL-ORD-2026-00361","11-05-2026","Bhoomaa Marble","KOTA 78x30",75.0,29.0,78.0,30.0,2.0,32.5,74.0,2405.0,"To Deliver and Bill"
"SAL-ORD-2026-00362","11-05-2026","Salachar G","KOTA 24x18 RAJ G",23.0,17.0,24.0,18.0,10.0,30.0,36.0,1080.0,"To Deliver and Bill"
"SAL-ORD-2026-00364","11-05-2026","Navkar Sumit","KOTA 36x30 DP",33.0,13.0,36.0,30.0,3.0,13.5,66.0,891.0,"To Deliver and Bill"
"SAL-ORD-2026-00364","11-05-2026","Navkar Sumit","KOTA 48x30 DP",47.0,13.0,48.0,30.0,3.0,18.0,71.0,1278.0,"To Deliver and Bill"
"SAL-ORD-2026-00367","11-05-2026","Chadubhai Balaji","Neno White",108.0,3.0,0.0,0.0,1.0,2.25,430.0,967.5,"To Deliver and Bill"
"SAL-ORD-2026-00367","11-05-2026","Chadubhai Balaji","Neno White",34.0,4.0,0.0,0.0,1.0,1.5,430.0,645.0,"To Deliver and Bill"
"SAL-ORD-2026-00367","11-05-2026","Chadubhai Balaji","Neno White",25.5,14.25,0.0,0.0,1.0,2.812,430.0,1209.16,"To Deliver and Bill"
"SAL-ORD-2026-00367","11-05-2026","Chadubhai Balaji","Neno White",47.0,15.0,0.0,0.0,1.0,5.0,430.0,2150.0,"To Deliver and Bill"
"SAL-ORD-2026-00367","11-05-2026","Chadubhai Balaji","Neno White",25.5,14.5,0.0,0.0,1.0,2.812,430.0,1209.16,"To Deliver and Bill"
"SAL-ORD-2026-00367","11-05-2026","Chadubhai Balaji","Neno White",34.0,27.0,0.0,0.0,1.0,6.75,430.0,2902.5,"To Deliver and Bill"
"SAL-ORD-2026-00367","11-05-2026","Chadubhai Balaji","Neno White",108.0,26.0,0.0,0.0,1.0,20.25,430.0,8707.5,"To Deliver and Bill"
"SAL-ORD-2026-00367","11-05-2026","Chadubhai Balaji","Neno White",56.0,23.0,0.0,0.0,1.0,9.5,430.0,4085.0,"To Deliver and Bill"
"SAL-ORD-2026-00367","11-05-2026","Chadubhai Balaji","Neno White",82.0,15.75,0.0,0.0,1.0,10.5,430.0,4515.0,"To Deliver and Bill"
"SAL-ORD-2026-00367","11-05-2026","Chadubhai Balaji","Neno White",109.0,2.5,0.0,0.0,1.0,2.312,430.0,994.16,"To Deliver and Bill"
"SAL-ORD-2026-00367","11-05-2026","Chadubhai Balaji","Neno White",32.0,2.5,0.0,0.0,1.0,0.688,430.0,295.84,"To Deliver and Bill"
"SAL-ORD-2026-00367","11-05-2026","Chadubhai Balaji","Neno White",19.5,16.5,0.0,0.0,1.0,2.625,430.0,1128.75,"To Deliver and Bill"
"SAL-ORD-2026-00367","11-05-2026","Chadubhai Balaji","Neno White",56.0,3.0,0.0,0.0,1.0,1.188,430.0,510.84,"To Deliver and Bill"
"SAL-ORD-2026-00367","11-05-2026","Chadubhai Balaji","Neno White",56.0,26.0,0.0,0.0,1.0,10.688,430.0,4595.84,"To Deliver and Bill"
"SAL-ORD-2026-00369","11-05-2026","Motiram","R Black",8.0,4.0,0.0,0.0,1.0,0.375,75.0,28.12,"To Deliver and Bill"
"SAL-ORD-2026-00369","11-05-2026","Motiram","R Black",35.0,8.0,0.0,0.0,4.0,9.0,75.0,675.0,"To Deliver and Bill"
"SAL-ORD-2026-00369","11-05-2026","Motiram","R Black",39.0,8.0,0.0,0.0,2.0,4.875,75.0,365.62,"To Deliver and Bill"
"SAL-ORD-2026-00369","11-05-2026","Motiram","R Black",42.0,6.0,0.0,0.0,4.0,7.0,75.0,525.0,"To Deliver and Bill"
"SAL-ORD-2026-00376","11-05-2026","Saaras G Manish","Dhar MouldG",84.0,4.0,0.0,0.0,2.0,14.0,10.0,140.0,"To Deliver and Bill"
"SAL-ORD-2026-00376","11-05-2026","Saaras G Manish","R Black",30.0,4.0,0.0,0.0,1.0,1.25,75.0,93.75,"To Deliver and Bill"
"SAL-ORD-2026-00376","11-05-2026","Saaras G Manish","R Black",36.0,4.0,0.0,0.0,1.0,1.5,75.0,112.5,"To Deliver and Bill"
"SAL-ORD-2026-00376","11-05-2026","Saaras G Manish","R Black",84.0,4.0,0.0,0.0,2.0,7.0,75.0,525.0,"To Deliver and Bill"
"SAL-ORD-2026-00376","11-05-2026","Saaras G Manish","Dhar MouldG",36.0,4.0,0.0,0.0,1.0,3.0,10.0,30.0,"To Deliver and Bill"
"SAL-ORD-2026-00376","11-05-2026","Saaras G Manish","R Black",84.0,4.0,0.0,0.0,2.0,7.0,75.0,525.0,"To Deliver and Bill"
"SAL-ORD-2026-00376","11-05-2026","Saaras G Manish","Dhar MouldG",36.0,4.0,0.0,0.0,1.0,6.0,10.0,60.0,"To Deliver and Bill"
"SAL-ORD-2026-00376","11-05-2026","Saaras G Manish","R Black",84.0,3.0,0.0,0.0,2.0,3.5,75.0,262.5,"To Deliver and Bill"
"SAL-ORD-2026-00376","11-05-2026","Saaras G Manish","R Black",84.0,4.0,0.0,0.0,2.0,7.0,75.0,525.0,"To Deliver and Bill"
"SAL-ORD-2026-00376","11-05-2026","Saaras G Manish","R Black",84.0,5.0,0.0,0.0,2.0,7.0,75.0,525.0,"To Deliver and Bill"
"SAL-ORD-2026-00376","11-05-2026","Saaras G Manish","R Black",84.0,4.0,0.0,0.0,2.0,7.0,75.0,525.0,"To Deliver and Bill"
"SAL-ORD-2026-00376","11-05-2026","Saaras G Manish","R Black",30.0,4.0,0.0,0.0,1.0,1.25,75.0,93.75,"To Deliver and Bill"
"SAL-ORD-2026-00376","11-05-2026","Saaras G Manish","R Black",36.0,4.0,0.0,0.0,1.0,1.5,75.0,112.5,"To Deliver and Bill"
"SAL-ORD-2026-00376","11-05-2026","Saaras G Manish","R Black",84.0,4.0,0.0,0.0,2.0,7.0,75.0,525.0,"To Deliver and Bill"
"SAL-ORD-2026-00376","11-05-2026","Saaras G Manish","R Black",36.0,4.0,0.0,0.0,1.0,1.5,75.0,112.5,"To Deliver and Bill"
"SAL-ORD-2026-00376","11-05-2026","Saaras G Manish","R Black",84.0,4.0,0.0,0.0,2.0,7.0,75.0,525.0,"To Deliver and Bill"
"SAL-ORD-2026-00376","11-05-2026","Saaras G Manish","Dhar MouldG",84.0,4.0,0.0,0.0,2.0,14.0,10.0,140.0,"To Deliver and Bill"
"SAL-ORD-2026-00376","11-05-2026","Saaras G Manish","Dhar MouldG",30.0,4.0,0.0,0.0,1.0,2.5,10.0,25.0,"To Deliver and Bill"
"SAL-ORD-2026-00376","11-05-2026","Saaras G Manish","Dhar MouldG",36.0,4.0,0.0,0.0,1.0,3.0,10.0,30.0,"To Deliver and Bill"
"SAL-ORD-2026-00376","11-05-2026","Saaras G Manish","Dhar MouldG",30.0,4.0,0.0,0.0,1.0,5.0,10.0,50.0,"To Deliver and Bill"
"SAL-ORD-2026-00376","11-05-2026","Saaras G Manish","R Black",30.0,5.0,0.0,0.0,1.0,1.25,75.0,93.75,"To Deliver and Bill"
"SAL-ORD-2026-00376","11-05-2026","Saaras G Manish","Dhar MouldG",84.0,4.0,0.0,0.0,2.0,28.0,10.0,280.0,"To Deliver and Bill"
"SAL-ORD-2026-00376","11-05-2026","Saaras G Manish","Dhar MouldG",36.0,3.0,0.0,0.0,1.0,6.0,10.0,60.0,"To Deliver and Bill"
"SAL-ORD-2026-00376","11-05-2026","Saaras G Manish","Dhar MouldG",84.0,4.0,0.0,0.0,2.0,28.0,10.0,280.0,"To Deliver and Bill"
"SAL-ORD-2026-00376","11-05-2026","Saaras G Manish","R Black",36.0,3.0,0.0,0.0,1.0,0.75,75.0,56.25,"To Deliver and Bill"
"SAL-ORD-2026-00376","11-05-2026","Saaras G Manish","Dhar MouldG",84.0,5.0,0.0,0.0,2.0,14.0,10.0,140.0,"To Deliver and Bill"
"SAL-ORD-2026-00376","11-05-2026","Saaras G Manish","Dhar MouldG",84.0,3.0,0.0,0.0,2.0,28.0,10.0,280.0,"To Deliver and Bill"
"SAL-ORD-2026-00376","11-05-2026","Saaras G Manish","Dhar MouldG",84.0,4.0,0.0,0.0,2.0,28.0,10.0,280.0,"To Deliver and Bill"
"SAL-ORD-2026-00376","11-05-2026","Saaras G Manish","Dhar MouldG",84.0,4.0,0.0,0.0,2.0,14.0,10.0,140.0,"To Deliver and Bill"
"SAL-ORD-2026-00376","11-05-2026","Saaras G Manish","R Black",84.0,3.5,0.0,0.0,2.0,7.0,75.0,525.0,"To Deliver and Bill"
"SAL-ORD-2026-00376","11-05-2026","Saaras G Manish","R Black",84.0,4.0,0.0,0.0,2.0,7.0,75.0,525.0,"To Deliver and Bill"
"SAL-ORD-2026-00376","11-05-2026","Saaras G Manish","R Black",30.0,4.0,0.0,0.0,1.0,1.25,75.0,93.75,"To Deliver and Bill"
"SAL-ORD-2026-00376","11-05-2026","Saaras G Manish","Dhar MouldG",84.0,3.5,0.0,0.0,2.0,28.0,10.0,280.0,"To Deliver and Bill"
"SAL-ORD-2026-00376","11-05-2026","Saaras G Manish","Dhar MouldG",30.0,5.0,0.0,0.0,1.0,2.5,10.0,25.0,"To Deliver and Bill"
"SAL-ORD-2026-00376","11-05-2026","Saaras G Manish","Dhar MouldG",30.0,4.0,0.0,0.0,1.0,2.5,10.0,25.0,"To Deliver and Bill"
"SAL-ORD-2026-00376","11-05-2026","Saaras G Manish","Dhar MouldG",84.0,4.0,0.0,0.0,2.0,14.0,10.0,140.0,"To Deliver and Bill"
"SAL-ORD-2026-00376","11-05-2026","Saaras G Manish","R Black",30.0,3.5,0.0,0.0,1.0,1.25,75.0,93.75,"To Deliver and Bill"
"SAL-ORD-2026-00376","11-05-2026","Saaras G Manish","Dhar MouldG",30.0,3.5,0.0,0.0,1.0,5.0,10.0,50.0,"To Deliver and Bill"
"SAL-ORD-2026-00376","11-05-2026","Saaras G Manish","R Black",30.0,4.0,0.0,0.0,1.0,1.25,75.0,93.75,"To Deliver and Bill"
"SAL-ORD-2026-00376","11-05-2026","Saaras G Manish","Dhar MouldG",30.0,4.0,0.0,0.0,1.0,2.5,10.0,25.0,"To Deliver and Bill"
"SAL-ORD-2026-00376","11-05-2026","Saaras G Manish","R Black",30.0,5.0,0.0,0.0,1.0,1.25,75.0,93.75,"To Deliver and Bill"
"SAL-ORD-2026-00376","11-05-2026","Saaras G Manish","R Black",30.0,4.0,0.0,0.0,2.0,2.5,75.0,187.5,"To Deliver and Bill"
"SAL-ORD-2026-00376","11-05-2026","Saaras G Manish","Dhar MouldG",48.0,7.25,0.0,0.0,2.0,8.0,10.0,80.0,"To Deliver and Bill"
"SAL-ORD-2026-00376","11-05-2026","Saaras G Manish","R Black",30.0,4.0,0.0,0.0,1.0,1.25,75.0,93.75,"To Deliver and Bill"
"SAL-ORD-2026-00376","11-05-2026","Saaras G Manish","Dhar MouldG",30.0,4.0,0.0,0.0,1.0,5.0,10.0,50.0,"To Deliver and Bill"
"SAL-ORD-2026-00376","11-05-2026","Saaras G Manish","R Black",48.0,7.25,0.0,0.0,2.0,6.0,75.0,450.0,"To Deliver and Bill"
"SAL-ORD-2026-00376","11-05-2026","Saaras G Manish","R Black",42.0,7.0,0.0,0.0,1.0,2.625,75.0,196.88,"To Deliver and Bill"
"SAL-ORD-2026-00376","11-05-2026","Saaras G Manish","Dhar MouldG",30.0,5.0,0.0,0.0,1.0,2.5,10.0,25.0,"To Deliver and Bill"
"SAL-ORD-2026-00376","11-05-2026","Saaras G Manish","Dhar MouldG",42.0,7.0,0.0,0.0,1.0,7.0,10.0,70.0,"To Deliver and Bill"
"SAL-ORD-2026-00376","11-05-2026","Saaras G Manish","Dhar MouldG",36.0,4.0,0.0,0.0,1.0,6.0,10.0,60.0,"To Deliver and Bill"
"SAL-ORD-2026-00376","11-05-2026","Saaras G Manish","Dhar MouldG",30.0,4.0,0.0,0.0,2.0,10.0,10.0,100.0,"To Deliver and Bill"
"SAL-ORD-2026-00376","11-05-2026","Saaras G Manish","R Black",36.0,4.0,0.0,0.0,1.0,1.5,75.0,112.5,"To Deliver and Bill"
"SAL-ORD-2026-00379","11-05-2026","Natural Granite","KOTA 66x24",65.0,23.0,66.0,24.0,4.0,44.0,58.0,2552.0,"To Deliver and Bill"
"SAL-ORD-2026-00380","11-05-2026","Saaras G Manish","P White",18.0,40.0,0.0,0.0,1.0,5.25,75.0,393.75,"To Deliver and Bill"
"SAL-ORD-2026-00380","11-05-2026","Saaras G Manish","P White",19.0,12.0,0.0,0.0,5.0,8.75,75.0,656.25,"To Deliver and Bill"
"SAL-ORD-2026-00380","11-05-2026","Saaras G Manish","P White",24.0,30.0,0.0,0.0,1.0,5.0,75.0,375.0,"To Deliver and Bill"
"SAL-ORD-2026-00380","11-05-2026","Saaras G Manish","P White",24.0,62.0,0.0,0.0,1.0,10.5,75.0,787.5,"To Deliver and Bill"
"SAL-ORD-2026-00380","11-05-2026","Saaras G Manish","P White",30.0,30.0,0.0,0.0,1.0,6.25,75.0,468.75,"To Deliver and Bill"
"SAL-ORD-2026-00380","11-05-2026","Saaras G Manish","P White",62.0,1.5,0.0,0.0,1.0,1.312,75.0,98.4,"To Deliver and Bill"
"SAL-ORD-2026-00380","11-05-2026","Saaras G Manish","P White",30.0,31.0,0.0,0.0,1.0,6.875,75.0,515.62,"To Deliver and Bill"
"SAL-ORD-2026-00380","11-05-2026","Saaras G Manish","P White",33.0,16.0,0.0,0.0,1.0,4.125,75.0,309.38,"To Deliver and Bill"
"SAL-ORD-2026-00380","11-05-2026","Saaras G Manish","P White",33.0,24.0,0.0,0.0,1.0,5.5,75.0,412.5,"To Deliver and Bill"
"SAL-ORD-2026-00380","11-05-2026","Saaras G Manish","P White",48.0,12.0,0.0,0.0,7.0,28.0,75.0,2100.0,"To Deliver and Bill"
"SAL-ORD-2026-00380","11-05-2026","Saaras G Manish","P White",57.0,15.0,0.0,0.0,5.0,29.688,75.0,2226.6,"To Deliver and Bill"
"SAL-ORD-2026-00380","11-05-2026","Saaras G Manish","P White",24.0,5.0,0.0,0.0,1.0,1.0,75.0,75.0,"To Deliver and Bill"
"SAL-ORD-2026-00380","11-05-2026","Saaras G Manish","P White",62.0,24.0,0.0,0.0,1.0,10.5,75.0,787.5,"To Deliver and Bill"
"SAL-ORD-2026-00380","11-05-2026","Saaras G Manish","P White",10.0,6.0,0.0,0.0,2.0,1.0,75.0,75.0,"To Deliver and Bill"
"SAL-ORD-2026-00380","11-05-2026","Saaras G Manish","P White",38.0,16.0,0.0,0.0,1.0,4.875,75.0,365.62,"To Deliver and Bill"
"SAL-ORD-2026-00380","11-05-2026","Saaras G Manish","P White",33.0,6.0,0.0,0.0,2.0,2.75,75.0,206.25,"To Deliver and Bill"
"SAL-ORD-2026-00380","11-05-2026","Saaras G Manish","P White",30.0,27.0,0.0,0.0,1.0,5.625,75.0,421.88,"To Deliver and Bill"
"SAL-ORD-2026-00380","11-05-2026","Saaras G Manish","P White",28.0,24.0,0.0,0.0,1.0,5.0,75.0,375.0,"To Deliver and Bill"
"SAL-ORD-2026-00380","11-05-2026","Saaras G Manish","P White",54.0,15.0,0.0,0.0,2.0,11.25,75.0,843.75,"To Deliver and Bill"
"SAL-ORD-2026-00380","11-05-2026","Saaras G Manish","P White",36.0,10.0,0.0,0.0,1.0,3.0,75.0,225.0,"To Deliver and Bill"
"SAL-ORD-2026-00380","11-05-2026","Saaras G Manish","P White",30.0,31.0,0.0,0.0,1.0,6.875,75.0,515.62,"To Deliver and Bill"
"SAL-ORD-2026-00380","11-05-2026","Saaras G Manish","P White",62.0,8.0,0.0,0.0,1.0,3.938,75.0,295.35,"To Deliver and Bill"
"SAL-ORD-2026-00381","11-05-2026","Salachar G","KOTA 48x24",47.0,23.0,48.0,24.0,4.0,32.0,50.0,1600.0,"To Deliver and Bill"
"SAL-ORD-2026-00584","11-05-2026","Bhavin Shah","Tiles Job Work",48.0,1.25,0.0,0.0,2.0,17.0,15.0,255.0,"To Deliver and Bill"
"SAL-ORD-2026-00584","11-05-2026","Bhavin Shah","Chemical Bag",0.0,0.0,0.0,0.0,1.0,2.0,500.0,1000.0,"To Deliver and Bill"
"SAL-ORD-2026-00584","11-05-2026","Bhavin Shah","Dhar MouldG",0.0,0.0,0.0,0.0,1.0,52.0,35.0,1820.0,"To Deliver and Bill"
"SAL-ORD-2026-00584","11-05-2026","Bhavin Shah","Tiles Job Work",30.0,1.25,0.0,0.0,2.0,11.0,15.0,165.0,"To Deliver and Bill"
"SAL-ORD-2026-00584","11-05-2026","Bhavin Shah","Tiles Job Work",30.0,48.0,0.0,0.0,1.0,13.0,15.0,195.0,"To Deliver and Bill"
"SAL-ORD-2026-00585","11-05-2026","Mehta Ceramic","Steel Gray",118.0,40.0,0.0,0.0,3.0,85.5,100.0,8550.0,"To Deliver and Bill"
"SAL-ORD-2026-00585","11-05-2026","Mehta Ceramic","Steel Gray",120.0,39.0,0.0,0.0,3.0,87.75,100.0,8775.0,"To Deliver and Bill"
"SAL-ORD-2026-00614","11-05-2026","Hardhik K.C","KOTA 22x16 RAJ P",22.0,16.0,24.0,18.0,120.0,360.0,29.0,10440.0,"To Deliver and Bill"
"SAL-ORD-2026-00615","11-05-2026","Navkar Sumit","KOTA 22x16 RAJ P",22.0,16.0,24.0,18.0,267.0,801.0,29.0,23229.0,"To Deliver and Bill"
"SAL-ORD-2026-00616","11-05-2026","Vikarm Burad","KOTA 22x22 RAJ P",22.0,22.0,24.0,24.0,800.0,3200.0,30.0,96000.0,"To Deliver and Bill"
"SAL-ORD-2026-00618","11-05-2026","R G M Vikash","KOTA PATI",23.0,3.0,0.0,0.0,0.0,100.0,12.0,1200.0,"To Deliver and Bill"
"SAL-ORD-2026-00352","10-05-2026","Stone Galaxy Rahul","KOTA 23x23 RAJ J",23.0,23.0,24.0,24.0,9.0,36.0,34.0,1224.0,"To Deliver and Bill"
"SAL-ORD-2026-00353","10-05-2026","Nandu Mandir Wala","Neno White",34.0,18.0,0.0,0.0,1.0,4.5,430.0,1935.0,"To Deliver and Bill"
"SAL-ORD-2026-00353","10-05-2026","Nandu Mandir Wala","Neno White",38.0,20.25,0.0,0.0,1.0,5.688,430.0,2445.84,"To Deliver and Bill"
"SAL-ORD-2026-00354","10-05-2026","Cash x Carry","Neno White",20.0,5.0,0.0,0.0,1.0,0.875,480.0,420.0,"To Deliver and Bill"
"SAL-ORD-2026-00354","10-05-2026","Cash x Carry","Neno White",42.0,5.0,0.0,0.0,1.0,1.75,480.0,840.0,"To Deliver and Bill"
"SAL-ORD-2026-00354","10-05-2026","Cash x Carry","Neno White",36.0,5.0,0.0,0.0,1.0,1.5,480.0,720.0,"To Deliver and Bill"
"SAL-ORD-2026-00355","10-05-2026","Pooja Granite","KOTA 48x30 DP",43.0,28.0,48.0,30.0,2.0,20.0,71.0,1420.0,"To Deliver and Bill"
"SAL-ORD-2026-00343-1","09-05-2026","Peral G","KOTA 36x24",35.0,11.0,36.0,24.0,3.0,9.0,46.0,414.0,"To Deliver and Bill"
"SAL-ORD-2026-00343-1","09-05-2026","Peral G","KOTA 48x24",43.5,5.5,48.0,24.0,50.0,100.0,49.0,4900.0,"To Deliver and Bill"
"SAL-ORD-2026-00343-1","09-05-2026","Peral G","KOTA 24x24",23.0,3.0,24.0,24.0,240.0,480.0,12.0,5760.0,"To Deliver and Bill"
"SAL-ORD-2026-00343-1","09-05-2026","Peral G","KOTA 48x30",43.5,15.0,48.0,30.0,50.0,300.0,49.0,14700.0,"To Deliver and Bill"
"SAL-ORD-2026-00344","09-05-2026","Chirag Tirupati Balaji","P White",48.0,30.0,0.0,0.0,2.0,20.0,65.0,1300.0,"To Deliver and Bill"
"SAL-ORD-2026-00345-1","09-05-2026","Mehta Ceramic","Dhar MouldG",17.72,10.63,0.0,0.0,1.0,1.5,30.0,45.0,"To Deliver and Bill"
"SAL-ORD-2026-00345-1","09-05-2026","Mehta Ceramic","Neno White",17.72,10.63,0.0,0.0,1.0,1.5,430.0,645.0,"To Deliver and Bill"
"SAL-ORD-2026-00346","09-05-2026","Ambika Goutam","Neno White",51.0,51.0,0.0,0.0,1.0,18.062,400.0,7224.8,"To Deliver and Bill"
"SAL-ORD-2026-00347","09-05-2026","Sangam","Neno White",41.0,18.0,0.0,0.0,1.0,5.25,400.0,2100.0,"To Deliver and Bill"
"SAL-ORD-2026-00348","09-05-2026","Hardhik K.C","P White",66.0,24.0,0.0,0.0,1.0,11.0,65.0,715.0,"To Deliver and Bill"
"SAL-ORD-2026-00349","09-05-2026","Natural Granite","KOTA 30x24",29.0,23.0,30.0,24.0,1.0,5.0,43.0,215.0,"To Deliver and Bill"
"SAL-ORD-2026-00350","09-05-2026","Cash x Carry","KOTA 22x22 RAJ P",22.0,22.0,24.0,24.0,2.0,8.0,33.0,264.0,"To Deliver and Bill"
"SAL-ORD-2026-00351","09-05-2026","Chirag Tirupati Balaji","P White",60.0,27.0,0.0,0.0,1.0,11.25,65.0,731.25,"To Deliver and Bill"
"SAL-ORD-2026-00351","09-05-2026","Chirag Tirupati Balaji","P White",60.0,2.0,0.0,0.0,1.0,1.25,65.0,81.25,"To Deliver and Bill"
"SAL-ORD-2026-00351","09-05-2026","Chirag Tirupati Balaji","KOTA 66x30",65.0,29.0,66.0,30.0,1.0,13.75,70.0,962.5,"To Deliver and Bill"
"SAL-ORD-2026-00374-1","09-05-2026","Ankur Marble","KOTA 54x24 DP",52.0,23.0,54.0,24.0,11.0,99.0,61.0,6039.0,"To Deliver and Bill"
"SAL-ORD-2026-00375","09-05-2026","Natural Granite","KOTA 48x24",42.0,21.0,48.0,24.0,1.0,8.0,50.0,400.0,"To Deliver and Bill"
"SAL-ORD-2026-00326","08-05-2026","Ambika Goutam","Neno White",30.0,30.0,0.0,0.0,2.0,12.5,400.0,5000.0,"To Deliver and Bill"
"SAL-ORD-2026-00326","08-05-2026","Ambika Goutam","Neno White",29.0,17.0,0.0,0.0,1.0,3.75,400.0,1500.0,"To Deliver and Bill"
"SAL-ORD-2026-00327","08-05-2026","Majjisha Rishi","KOTA 84x30",83.0,28.0,84.0,30.0,1.0,17.5,77.0,1347.5,"To Deliver and Bill"
"SAL-ORD-2026-00329","08-05-2026","Dashmeet","R Black",48.0,11.5,0.0,0.0,4.0,16.0,85.0,1360.0,"To Deliver and Bill"
"SAL-ORD-2026-00329","08-05-2026","Dashmeet","Dhar MouldG",48.0,11.5,0.0,0.0,3.0,24.0,15.0,360.0,"To Deliver and Bill"
"SAL-ORD-2026-00329","08-05-2026","Dashmeet","Dhar MouldG",48.0,11.5,0.0,0.0,4.0,32.0,15.0,480.0,"To Deliver and Bill"
"SAL-ORD-2026-00329","08-05-2026","Dashmeet","R Black",48.0,11.5,0.0,0.0,4.0,16.0,85.0,1360.0,"To Deliver and Bill"
"SAL-ORD-2026-00329","08-05-2026","Dashmeet","Dhar MouldG",48.0,11.5,0.0,0.0,4.0,32.0,15.0,480.0,"To Deliver and Bill"
"SAL-ORD-2026-00329","08-05-2026","Dashmeet","R Black",48.0,11.5,0.0,0.0,3.0,12.0,85.0,1020.0,"To Deliver and Bill"
"SAL-ORD-2026-00329","08-05-2026","Dashmeet","Dhar MouldG",48.0,11.5,0.0,0.0,2.0,16.0,15.0,240.0,"To Deliver and Bill"
"SAL-ORD-2026-00329","08-05-2026","Dashmeet","R Black",48.0,11.5,0.0,0.0,2.0,8.0,85.0,680.0,"To Deliver and Bill"
"SAL-ORD-2026-00329","08-05-2026","Dashmeet","Dhar MouldG",60.0,11.5,0.0,0.0,1.0,10.0,15.0,150.0,"To Deliver and Bill"
"SAL-ORD-2026-00329","08-05-2026","Dashmeet","R Black",60.0,11.5,0.0,0.0,1.0,5.0,85.0,425.0,"To Deliver and Bill"
"SAL-ORD-2026-00330","08-05-2026","Cash x Carry","R Black",113.0,36.0,0.0,0.0,1.0,28.5,80.0,2280.0,"To Deliver and Bill"
"SAL-ORD-2026-00330","08-05-2026","Cash x Carry","R Black",111.0,12.0,0.0,0.0,4.0,37.0,80.0,2960.0,"To Deliver and Bill"
"SAL-ORD-2026-00330","08-05-2026","Cash x Carry","Dhar MouldG",113.0,12.0,0.0,0.0,3.0,57.0,15.0,855.0,"To Deliver and Bill"
"SAL-ORD-2026-00330","08-05-2026","Cash x Carry","R Black",112.0,12.0,0.0,0.0,4.0,38.0,80.0,3040.0,"To Deliver and Bill"
"SAL-ORD-2026-00330","08-05-2026","Cash x Carry","R Black",113.0,36.0,0.0,0.0,1.0,28.5,80.0,2280.0,"To Deliver and Bill"
"SAL-ORD-2026-00330","08-05-2026","Cash x Carry","Dhar MouldG",111.0,12.0,0.0,0.0,4.0,74.0,15.0,1110.0,"To Deliver and Bill"
"SAL-ORD-2026-00330","08-05-2026","Cash x Carry","R Black",113.0,12.0,0.0,0.0,3.0,28.5,80.0,2280.0,"To Deliver and Bill"
"SAL-ORD-2026-00330","08-05-2026","Cash x Carry","Dhar MouldG",112.0,12.0,0.0,0.0,4.0,76.0,15.0,1140.0,"To Deliver and Bill"
"SAL-ORD-2026-00331","08-05-2026","Ramdev Zundal","Neno White",90.55,6.69,0.0,0.0,2.0,11.625,430.0,4998.75,"To Deliver and Bill"
"SAL-ORD-2026-00331","08-05-2026","Ramdev Zundal","Neno White",90.55,6.5,0.0,0.0,2.0,11.625,430.0,4998.75,"To Deliver and Bill"
"SAL-ORD-2026-00331","08-05-2026","Ramdev Zundal","Neno White",90.55,6.69,0.0,0.0,2.0,11.625,430.0,4998.75,"To Deliver and Bill"
"SAL-ORD-2026-00332-2","08-05-2026","Ramlalji C","KOTA 22x16 RAJ P",22.0,16.0,24.0,18.0,75.0,225.0,29.0,6525.0,"To Deliver and Bill"
"SAL-ORD-2026-00333-1","08-05-2026","Natural Granite","KOTA 24x24",16.0,16.0,24.0,24.0,80.0,240.0,36.0,8640.0,"To Deliver and Bill"
"SAL-ORD-2026-00334","08-05-2026","Siddhhi Vinayak Himanshu","KOTA 48x24 MIR",47.0,23.0,48.0,24.0,4.0,32.0,60.0,1920.0,"To Deliver and Bill"
"SAL-ORD-2026-00335","08-05-2026","Patidar","KOTA 54x30",53.0,25.0,54.0,30.0,1.0,11.25,66.0,742.5,"To Deliver and Bill"
"SAL-ORD-2026-00335","08-05-2026","Patidar","KOTA 36x30",32.0,25.0,36.0,30.0,8.0,60.0,58.0,3480.0,"To Deliver and Bill"
"SAL-ORD-2026-00335","08-05-2026","Patidar","KOTA 54x30",50.0,25.0,54.0,30.0,1.0,11.25,66.0,742.5,"To Deliver and Bill"
"SAL-ORD-2026-00335","08-05-2026","Patidar","KOTA 72x30",68.0,25.0,72.0,30.0,2.0,30.0,73.0,2190.0,"To Deliver and Bill"
"SAL-ORD-2026-00336","08-05-2026","Ambamani Ramesh","Neno White",30.75,18.75,0.0,0.0,1.0,4.812,400.0,1924.8,"To Deliver and Bill"
"SAL-ORD-2026-00337-2","08-05-2026","Salachar G","KOTA 24x18 RAJ G",22.0,16.0,24.0,18.0,35.0,105.0,36.0,3780.0,"To Deliver and Bill"
"SAL-ORD-2026-00338","08-05-2026","Cash x Carry","KOTA 66x24",65.0,23.0,66.0,24.0,4.0,44.0,58.0,2552.0,"To Deliver and Bill"
"SAL-ORD-2026-00339","08-05-2026","Cash x Carry","R Black",30.25,15.5,0.0,0.0,1.0,4.125,80.0,330.0,"To Deliver and Bill"
"SAL-ORD-2026-00339","08-05-2026","Cash x Carry","Dhar MouldG",30.25,15.5,0.0,0.0,1.0,1.0,70.0,70.0,"To Deliver and Bill"
"SAL-ORD-2026-00340","08-05-2026","Chirag Tirupati Balaji","KOTA 22x16 RAJ P",22.0,16.0,24.0,18.0,13.0,39.0,29.0,1131.0,"To Deliver and Bill"
"SAL-ORD-2026-00366","08-05-2026","Sangam","Neno White",70.5,53.5,0.0,0.0,1.0,27.0,400.0,10800.0,"To Deliver and Bill"
"SAL-ORD-2026-00366","08-05-2026","Sangam","Neno White",70.5,54.5,0.0,0.0,2.0,57.0,400.0,22800.0,"To Deliver and Bill"
"SAL-ORD-2026-00368-1","08-05-2026","Granite Point","Neno White",33.5,16.5,0.0,0.0,1.0,4.5,425.0,1912.5,"To Deliver and Bill"
"SAL-ORD-2026-00368-1","08-05-2026","Granite Point","Neno White",57.5,30.5,0.0,0.0,1.0,13.75,425.0,5843.75,"To Deliver and Bill"
"SAL-ORD-2026-00368-1","08-05-2026","Granite Point","Neno White",21.5,71.5,0.0,0.0,1.0,12.0,425.0,5100.0,"To Deliver and Bill"
"SAL-ORD-2026-00370","08-05-2026","Majjisha Rishi","KOTA 30x24",29.0,11.0,30.0,24.0,15.0,37.5,43.0,1612.5,"To Deliver and Bill"
"SAL-ORD-2026-00370","08-05-2026","Majjisha Rishi","KOTA 30x24",29.0,18.0,30.0,24.0,1.0,5.0,43.0,215.0,"To Deliver and Bill"
"SAL-ORD-2026-00370","08-05-2026","Majjisha Rishi","KOTA 24x24",22.0,22.0,24.0,24.0,4.0,16.0,30.0,480.0,"To Deliver and Bill"
"SAL-ORD-2026-00371","08-05-2026","Baba Marble","KOTA 24x24",22.0,22.0,24.0,24.0,175.0,700.0,36.0,25200.0,"To Deliver and Bill"
"SAL-ORD-2026-00372","08-05-2026","RATANAM MARBLE","KOTA 54x24 MIR",53.0,11.0,54.0,24.0,64.0,288.0,69.0,19872.0,"To Deliver and Bill"
"SAL-ORD-2026-00373-1","08-05-2026","Dipti","Dhar MouldG",30.0,4.0,0.0,0.0,2.0,10.0,10.0,100.0,"To Deliver and Bill"
"SAL-ORD-2026-00373-1","08-05-2026","Dipti","Dhar MouldG",96.0,1.5,0.0,0.0,1.0,16.0,10.0,160.0,"To Deliver and Bill"
"SAL-ORD-2026-00373-1","08-05-2026","Dipti","Dhar MouldG",60.0,24.0,0.0,0.0,1.0,12.0,10.0,120.0,"To Deliver and Bill"
"SAL-ORD-2026-00373-1","08-05-2026","Dipti","Telphone Black",84.0,4.0,0.0,0.0,2.0,7.0,190.0,1330.0,"To Deliver and Bill"
"SAL-ORD-2026-00373-1","08-05-2026","Dipti","Telphone Black",36.0,4.0,0.0,0.0,1.0,1.5,190.0,285.0,"To Deliver and Bill"
"SAL-ORD-2026-00373-1","08-05-2026","Dipti","Telphone Black",36.0,4.0,0.0,0.0,2.0,3.0,190.0,570.0,"To Deliver and Bill"
"SAL-ORD-2026-00373-1","08-05-2026","Dipti","Telphone Black",84.0,10.0,0.0,0.0,2.0,14.0,190.0,2660.0,"To Deliver and Bill"
"SAL-ORD-2026-00373-1","08-05-2026","Dipti","Dhar MouldG",36.0,4.0,0.0,0.0,2.0,6.0,10.0,60.0,"To Deliver and Bill"
"SAL-ORD-2026-00373-1","08-05-2026","Dipti","Dhar MouldG",54.0,4.0,0.0,0.0,2.0,9.0,10.0,90.0,"To Deliver and Bill"
"SAL-ORD-2026-00373-1","08-05-2026","Dipti","Telphone Black",30.0,4.0,0.0,0.0,2.0,2.5,190.0,475.0,"To Deliver and Bill"
"SAL-ORD-2026-00373-1","08-05-2026","Dipti","Telphone Black",96.0,28.0,0.0,0.0,1.0,20.0,190.0,3800.0,"To Deliver and Bill"
"SAL-ORD-2026-00373-1","08-05-2026","Dipti","Telphone Black",60.0,1.5,0.0,0.0,1.0,1.25,190.0,237.5,"To Deliver and Bill"
"SAL-ORD-2026-00373-1","08-05-2026","Dipti","Dhar MouldG",84.0,10.0,0.0,0.0,2.0,14.0,10.0,140.0,"To Deliver and Bill"
"SAL-ORD-2026-00373-1","08-05-2026","Dipti","Telphone Black",54.0,4.0,0.0,0.0,2.0,4.5,190.0,855.0,"To Deliver and Bill"
"SAL-ORD-2026-00373-1","08-05-2026","Dipti","Dhar MouldG",60.0,24.0,0.0,0.0,1.0,5.0,10.0,50.0,"To Deliver and Bill"
"SAL-ORD-2026-00373-1","08-05-2026","Dipti","Telphone Black",96.0,1.5,0.0,0.0,1.0,2.0,190.0,380.0,"To Deliver and Bill"
"SAL-ORD-2026-00373-1","08-05-2026","Dipti","Telphone Black",30.0,10.0,0.0,0.0,1.0,2.5,190.0,475.0,"To Deliver and Bill"
"SAL-ORD-2026-00373-1","08-05-2026","Dipti","Telphone Black",36.0,6.0,0.0,0.0,4.0,6.0,190.0,1140.0,"To Deliver and Bill"
"SAL-ORD-2026-00373-1","08-05-2026","Dipti","Dhar MouldG",84.0,4.0,0.0,0.0,2.0,28.0,10.0,280.0,"To Deliver and Bill"
"SAL-ORD-2026-00373-1","08-05-2026","Dipti","Telphone Black",60.0,24.0,0.0,0.0,1.0,10.0,190.0,1900.0,"To Deliver and Bill"
"SAL-ORD-2026-00373-1","08-05-2026","Dipti","Dhar MouldG",30.0,10.0,0.0,0.0,1.0,2.5,10.0,25.0,"To Deliver and Bill"
"SAL-ORD-2026-00373-1","08-05-2026","Dipti","Dhar MouldG",84.0,4.0,0.0,0.0,2.0,14.0,10.0,140.0,"To Deliver and Bill"
"SAL-ORD-2026-00373-1","08-05-2026","Dipti","Telphone Black",60.0,24.0,0.0,0.0,1.0,10.0,190.0,1900.0,"To Deliver and Bill"
"SAL-ORD-2026-00373-1","08-05-2026","Dipti","Dhar MouldG",36.0,6.0,0.0,0.0,4.0,12.0,10.0,120.0,"To Deliver and Bill"
"SAL-ORD-2026-00373-1","08-05-2026","Dipti","Dhar MouldG",96.0,28.0,0.0,0.0,1.0,8.0,10.0,80.0,"To Deliver and Bill"
"SAL-ORD-2026-00373-1","08-05-2026","Dipti","Dhar MouldG",60.0,1.5,0.0,0.0,1.0,10.0,10.0,100.0,"To Deliver and Bill"
"SAL-ORD-2026-00373-1","08-05-2026","Dipti","Telphone Black",84.0,4.0,0.0,0.0,2.0,7.0,190.0,1330.0,"To Deliver and Bill"
"SAL-ORD-2026-00577","08-05-2026","Bhagawati Stone","KOTA 24x24 RAJ G",23.0,23.0,24.0,24.0,300.0,1200.0,37.0,44400.0,"To Deliver and Bill"
"SAL-ORD-2026-00579","08-05-2026","Ratnam Marble","KOTA 11x11 RAJ",11.0,11.0,12.0,12.0,40.0,40.0,25.0,1000.0,"To Deliver and Bill"
"SAL-ORD-2026-00580","08-05-2026","Hema Stone","KOTA 22X22 RAJ MIR",22.0,22.0,24.0,24.0,18.0,72.0,60.0,4320.0,"To Deliver and Bill"
"SAL-ORD-2026-00581","08-05-2026","Hardhik K.C","KOTA 22x16 RAJ P",22.0,16.0,24.0,18.0,40.0,120.0,29.0,3480.0,"To Deliver and Bill"
"SAL-ORD-2026-00582","08-05-2026","Akash Dejal","KOTA 22x16 RAJ P",22.0,16.0,24.0,18.0,6.0,18.0,29.0,522.0,"To Deliver and Bill"
"SAL-ORD-2026-00316-1","07-05-2026","Motiram","P White",18.0,81.0,0.0,0.0,3.0,30.375,65.0,1974.38,"To Deliver and Bill"
"SAL-ORD-2026-00316-1","07-05-2026","Motiram","KOTA 24x24 RUF",21.75,21.75,24.0,24.0,17.0,68.0,37.0,2516.0,"To Deliver and Bill"
"SAL-ORD-2026-00317","07-05-2026","Natural Granite","KOTA 36x24",32.0,21.0,36.0,24.0,1.0,6.0,46.0,276.0,"To Deliver and Bill"
"SAL-ORD-2026-00318","07-05-2026","Cash x Carry","Neno White",45.0,18.0,0.0,0.0,1.0,5.625,430.0,2418.75,"To Deliver and Bill"
"SAL-ORD-2026-00318","07-05-2026","Cash x Carry","Half Round MouldG",45.0,18.0,0.0,0.0,1.0,3.75,35.0,131.25,"To Deliver and Bill"
"SAL-ORD-2026-00318","07-05-2026","Cash x Carry","Farma",0.0,0.0,0.0,0.0,1.0,1.0,450.0,450.0,"To Deliver and Bill"
"SAL-ORD-2026-00319-1","07-05-2026","Ramlalji C","KOTA 22x16 RAJ P",22.0,16.0,24.0,18.0,133.0,399.0,29.0,11571.0,"To Deliver and Bill"
"SAL-ORD-2026-00320","07-05-2026","Natural Granite","KOTA 60x24",58.0,23.0,60.0,24.0,2.0,20.0,57.0,1140.0,"To Deliver and Bill"
"SAL-ORD-2026-00321","07-05-2026","Cash x Carry","KOTA 66x24",65.0,23.0,66.0,24.0,4.0,44.0,60.0,2640.0,"To Deliver and Bill"
"SAL-ORD-2026-00321","07-05-2026","Cash x Carry","KOTA 66x30",65.0,29.0,66.0,30.0,2.0,27.5,70.0,1925.0,"To Deliver and Bill"
"SAL-ORD-2026-00322","07-05-2026","Pinky Granite","Neno White",27.0,27.0,0.0,0.0,1.0,5.062,430.0,2176.66,"To Deliver and Bill"
"SAL-ORD-2026-00323","07-05-2026","Pinky Granite","Neno White",64.0,72.0,0.0,0.0,1.0,33.0,430.0,14190.0,"To Deliver and Bill"
"SAL-ORD-2026-00324-1","07-05-2026","Mahaveer Jitu","Neno White",64.0,19.25,0.0,0.0,1.0,9.625,425.0,4090.62,"To Deliver and Bill"
"SAL-ORD-2026-00325","07-05-2026","Cash x Carry","KOTA 23x23 RAJ J",23.0,23.0,24.0,24.0,120.0,480.0,34.0,16320.0,"To Deliver and Bill"
"SAL-ORD-2026-00365","07-05-2026","Motiram","Jaisalmer",0.0,0.0,0.0,0.0,0.0,82.5,120.0,9900.0,"To Deliver and Bill"
"SAL-ORD-2026-00576","07-05-2026","Jay Bhawani Yug Darbar","KOTA 24x24 RAJ G",22.5,22.5,24.0,24.0,100.0,400.0,37.0,14800.0,"To Deliver and Bill"
"SAL-ORD-2026-00283","06-05-2026","Salachar G","KOTA 23x17 RAJ J",23.0,17.0,24.0,18.0,6.0,18.0,33.0,594.0,"To Deliver and Bill"
"SAL-ORD-2026-00286","06-05-2026","Radhe Stone Kayur Bhai","KOTA 96x30",94.0,26.0,96.0,30.0,15.0,300.0,84.0,25200.0,"To Deliver and Bill"
"SAL-ORD-2026-00287","06-05-2026","Natural Granite","KOTA 66x30",60.0,28.0,66.0,30.0,1.0,13.75,70.0,962.5,"To Deliver and Bill"
"SAL-ORD-2026-00288","06-05-2026","Nil Tiles","R Black",113.0,36.0,0.0,0.0,3.0,85.5,75.0,6412.5,"To Deliver and Bill"
"SAL-ORD-2026-00291-1","06-05-2026","Natural Granite","KOTA 24x24 LDR",22.0,16.0,24.0,24.0,6.0,18.0,41.0,738.0,"To Deliver and Bill"
"SAL-ORD-2026-00291-1","06-05-2026","Natural Granite","KOTA 36x30",30.0,24.0,36.0,30.0,6.0,45.0,58.0,2610.0,"To Deliver and Bill"
"SAL-ORD-2026-00296","06-05-2026","Hanuman Granite","KOTA 96x24",92.0,16.0,96.0,24.0,16.0,192.0,75.0,14400.0,"To Deliver and Bill"
"SAL-ORD-2026-00296","06-05-2026","Hanuman Granite","KOTA 66x24",64.0,4.0,66.0,24.0,3.0,8.25,58.0,478.5,"To Deliver and Bill"
"SAL-ORD-2026-00296","06-05-2026","Hanuman Granite","KOTA 48x24",45.0,4.0,48.0,24.0,1.0,2.0,50.0,100.0,"To Deliver and Bill"
"SAL-ORD-2026-00296","06-05-2026","Hanuman Granite","KOTA 66x24",60.0,4.0,66.0,24.0,3.0,8.25,58.0,478.5,"To Deliver and Bill"
"SAL-ORD-2026-00296","06-05-2026","Hanuman Granite","KOTA 84x24",81.0,16.0,84.0,24.0,10.0,105.0,65.0,6825.0,"To Deliver and Bill"
"SAL-ORD-2026-00296","06-05-2026","Hanuman Granite","KOTA 66x24",60.0,4.0,66.0,24.0,4.0,11.0,58.0,638.0,"To Deliver and Bill"
"SAL-ORD-2026-00296","06-05-2026","Hanuman Granite","KOTA 66x24",60.0,16.0,66.0,24.0,4.0,33.0,58.0,1914.0,"To Deliver and Bill"
"SAL-ORD-2026-00296","06-05-2026","Hanuman Granite","KOTA 84x24",81.0,4.0,84.0,24.0,10.0,35.0,65.0,2275.0,"To Deliver and Bill"
"SAL-ORD-2026-00296","06-05-2026","Hanuman Granite","KOTA 96x24",92.0,4.0,96.0,24.0,16.0,64.0,75.0,4800.0,"To Deliver and Bill"
"SAL-ORD-2026-00296","06-05-2026","Hanuman Granite","KOTA 66x24",64.0,16.0,66.0,24.0,3.0,24.75,58.0,1435.5,"To Deliver and Bill"
"SAL-ORD-2026-00296","06-05-2026","Hanuman Granite","KOTA 66x24",60.0,16.0,66.0,24.0,3.0,24.75,58.0,1435.5,"To Deliver and Bill"
"SAL-ORD-2026-00296","06-05-2026","Hanuman Granite","KOTA 48x24",47.0,9.0,48.0,24.0,1.0,4.0,50.0,200.0,"To Deliver and Bill"
"SAL-ORD-2026-00313","06-05-2026","Chirag Tirupati Balaji","P White",30.0,18.0,0.0,0.0,2.0,7.5,65.0,487.5,"To Deliver and Bill"
"SAL-ORD-2026-00313","06-05-2026","Chirag Tirupati Balaji","P White",60.0,18.0,0.0,0.0,1.0,7.5,65.0,487.5,"To Deliver and Bill"
"SAL-ORD-2026-00314","06-05-2026","Ambika Dilip","Neno White",45.0,15.0,0.0,0.0,1.0,4.688,400.0,1875.2,"To Deliver and Bill"
"SAL-ORD-2026-00315","06-05-2026","Dinesh U M","KOTA 30x24",25.0,19.0,30.0,24.0,1.0,5.0,43.0,215.0,"To Deliver and Bill"
"SAL-ORD-2026-00315","06-05-2026","Dinesh U M","KOTA 72x30",69.0,27.0,72.0,30.0,1.0,15.0,73.0,1095.0,"To Deliver and Bill"
"SAL-ORD-2026-00315","06-05-2026","Dinesh U M","KOTA 96x24",95.0,18.0,96.0,24.0,1.0,16.0,75.0,1200.0,"To Deliver and Bill"
"SAL-ORD-2026-00315","06-05-2026","Dinesh U M","KOTA 72x24",69.0,1.5,72.0,24.0,1.0,3.0,60.0,180.0,"To Deliver and Bill"
"SAL-ORD-2026-00315","06-05-2026","Dinesh U M","KOTA 30x24",27.0,1.5,30.0,24.0,1.0,1.25,43.0,53.75,"To Deliver and Bill"
"SAL-ORD-2026-00363","06-05-2026","Cash x Carry","Dhar MouldG",69.0,7.5,0.0,0.0,1.0,11.5,30.0,345.0,"To Deliver and Bill"
"SAL-ORD-2026-00363","06-05-2026","Cash x Carry","Telphone Black",69.0,7.5,0.0,0.0,1.0,4.312,210.0,905.52,"To Deliver and Bill"
"SAL-ORD-2026-00684","06-05-2026","Siddhhi Vinayak Himanshu","KOTA 22x22 RAJ J",22.0,22.0,24.0,24.0,217.0,868.0,32.0,27776.0,"To Deliver and Bill"
"SAL-ORD-2026-00684","06-05-2026","Siddhhi Vinayak Himanshu","KOTA 22x22 RAJ J",22.0,22.0,24.0,24.0,217.0,868.0,32.0,27776.0,"To Deliver and Bill"
"SAL-ORD-2026-00266","05-05-2026","Motiram","R Black",52.0,17.0,0.0,0.0,2.0,13.5,75.0,1012.5,"To Deliver and Bill"
"SAL-ORD-2026-00266","05-05-2026","Motiram","R Black",68.0,11.5,0.0,0.0,2.0,11.5,75.0,862.5,"To Deliver and Bill"
"SAL-ORD-2026-00266","05-05-2026","Motiram","R Black",52.0,17.0,0.0,0.0,2.0,13.5,75.0,1012.5,"To Deliver and Bill"
"SAL-ORD-2026-00266","05-05-2026","Motiram","R Black",35.0,17.0,0.0,0.0,2.0,9.0,75.0,675.0,"To Deliver and Bill"
"SAL-ORD-2026-00266","05-05-2026","Motiram","R Black",52.0,11.5,0.0,0.0,2.0,9.0,75.0,675.0,"To Deliver and Bill"
"SAL-ORD-2026-00266","05-05-2026","Motiram","R Black",72.0,17.0,0.0,0.0,2.0,18.0,75.0,1350.0,"To Deliver and Bill"
"SAL-ORD-2026-00267","05-05-2026","Nil Tiles","KOTA 36x30",30.0,24.0,36.0,30.0,2.0,15.0,58.0,870.0,"To Deliver and Bill"
"SAL-ORD-2026-00267","05-05-2026","Nil Tiles","KOTA 54x30",51.0,24.0,54.0,30.0,1.0,11.25,66.0,742.5,"To Deliver and Bill"
"SAL-ORD-2026-00267","05-05-2026","Nil Tiles","KOTA 96x30",90.0,24.0,96.0,30.0,1.0,20.0,84.0,1680.0,"To Deliver and Bill"
"SAL-ORD-2026-00268","05-05-2026","Natural Granite","KOTA 30x24",27.0,20.0,30.0,24.0,1.0,5.0,43.0,215.0,"To Deliver and Bill"
"SAL-ORD-2026-00268","05-05-2026","Natural Granite","KOTA 42x30",36.0,24.0,42.0,30.0,1.0,8.75,60.0,525.0,"To Deliver and Bill"
"SAL-ORD-2026-00268","05-05-2026","Natural Granite","KOTA 72x24",66.0,21.0,72.0,24.0,1.0,12.0,60.0,720.0,"To Deliver and Bill"
"SAL-ORD-2026-00272","05-05-2026","Cash x Carry","Neno White",45.3,12.0,0.0,0.0,1.0,4.0,450.0,1800.0,"To Deliver and Bill"
"SAL-ORD-2026-00272","05-05-2026","Cash x Carry","Phal MouldG",45.3,12.0,0.0,0.0,1.0,4.0,30.0,120.0,"To Deliver and Bill"
"SAL-ORD-2026-00273-1","05-05-2026","Ramlalji C","KOTA 22x16 RAJ P",22.0,16.0,24.0,18.0,133.0,399.0,29.0,11571.0,"To Deliver and Bill"
"SAL-ORD-2026-00274","05-05-2026","Salachar G","KOTA 60x24",55.0,21.0,60.0,24.0,1.0,10.0,57.0,570.0,"To Deliver and Bill"
"SAL-ORD-2026-00274","05-05-2026","Salachar G","KOTA 84x24",83.0,23.5,84.0,24.0,1.0,14.0,65.0,910.0,"To Deliver and Bill"
"SAL-ORD-2026-00274","05-05-2026","Salachar G","KOTA 36x24",35.0,23.5,36.0,24.0,1.0,6.0,46.0,276.0,"To Deliver and Bill"
"SAL-ORD-2026-00277","05-05-2026","Cash x Carry","KOTA 78x30",77.0,29.0,78.0,30.0,5.0,81.25,78.0,6337.5,"To Deliver and Bill"
"SAL-ORD-2026-00277","05-05-2026","Cash x Carry","KOTA 48x24",47.0,9.0,48.0,24.0,1.0,4.0,40.0,160.0,"To Deliver and Bill"
"SAL-ORD-2026-00278","05-05-2026","Cash x Carry","Steel Gray",12.0,3.0,0.0,0.0,70.0,17.5,103.0,1802.5,"To Deliver and Bill"
"SAL-ORD-2026-00279","05-05-2026","Dharti Granite","KOTA 48x30",47.0,29.0,48.0,30.0,2.0,20.0,63.0,1260.0,"To Deliver and Bill"
"SAL-ORD-2026-00280","05-05-2026","Chirag Tirupati Balaji","KOTA 24x24 LDR",22.0,22.0,24.0,24.0,200.0,800.0,42.0,33600.0,"To Deliver and Bill"
"SAL-ORD-2026-00281","05-05-2026","Ambika Goutam","KOTA 78x30",75.0,27.0,78.0,30.0,4.0,65.0,74.0,4810.0,"To Deliver and Bill"
"SAL-ORD-2026-00573","05-05-2026","Dharti Granite","KOTA 23x23 RAJ J",23.0,23.0,24.0,24.0,9.0,36.0,32.0,1152.0,"To Deliver and Bill"
"SAL-ORD-2026-00574","05-05-2026","Paliwal","KOTA 24x24 RAJ G",22.5,22.5,24.0,24.0,65.0,260.0,37.0,9620.0,"To Deliver and Bill"
"SAL-ORD-2026-00575","05-05-2026","Ronak Nill","KOTA 22x22 RAJ J",22.0,22.0,24.0,24.0,2.0,8.0,32.0,256.0,"To Deliver and Bill"
"SAL-ORD-2026-00213-2","04-05-2026","Dipesh Tiles","KOTA 24x24 RIV",22.0,22.0,24.0,24.0,50.0,200.0,39.0,7800.0,"To Deliver and Bill"
"SAL-ORD-2026-00215","04-05-2026","Hanuman Granite","KOTA 30x24",26.0,18.5,30.0,24.0,1.0,5.0,43.0,215.0,"To Deliver and Bill"
"SAL-ORD-2026-00215","04-05-2026","Hanuman Granite","KOTA 60x30",57.0,25.0,60.0,30.0,1.0,12.5,69.0,862.5,"To Deliver and Bill"
"SAL-ORD-2026-00217","04-05-2026","Ambamani Ramesh","KOTA 60x24 DP",56.0,21.0,60.0,24.0,6.0,60.0,65.0,3900.0,"To Deliver and Bill"
"SAL-ORD-2026-00218","04-05-2026","Hema Stone","Neno White",64.0,36.0,0.0,0.0,1.0,16.5,360.0,5940.0,"To Deliver and Bill"
"SAL-ORD-2026-00218","04-05-2026","Hema Stone","Neno White",64.0,58.0,0.0,0.0,1.0,27.5,360.0,9900.0,"To Deliver and Bill"
"SAL-ORD-2026-00218","04-05-2026","Hema Stone","Neno White",64.0,54.0,0.0,0.0,1.0,24.75,360.0,8910.0,"To Deliver and Bill"
"SAL-ORD-2026-00219","04-05-2026","Natural Granite","KOTA 22x16 RAJ P",22.0,16.0,24.0,18.0,20.0,60.0,29.0,1740.0,"To Deliver and Bill"
"SAL-ORD-2026-00221","04-05-2026","Stone Gallery Aashish","KOTA 36x30",32.0,25.0,36.0,30.0,2.0,15.0,58.0,870.0,"To Deliver and Bill"
"SAL-ORD-2026-00226","04-05-2026","Shree Ram Stonex","Neno White",36.0,1.5,0.0,0.0,1.0,0.75,430.0,322.5,"To Deliver and Bill"
"SAL-ORD-2026-00226","04-05-2026","Shree Ram Stonex","Neno White",55.0,24.0,60.0,30.0,1.0,9.5,430.0,4085.0,"To Deliver and Bill"
"SAL-ORD-2026-00226","04-05-2026","Shree Ram Stonex","Neno White",72.0,3.0,0.0,0.0,1.0,1.5,430.0,645.0,"To Deliver and Bill"
"SAL-ORD-2026-00226","04-05-2026","Shree Ram Stonex","Neno White",72.0,32.0,0.0,0.0,1.0,16.5,430.0,7095.0,"To Deliver and Bill"
"SAL-ORD-2026-00226","04-05-2026","Shree Ram Stonex","Neno White",55.0,1.5,0.0,0.0,1.0,1.188,430.0,510.84,"To Deliver and Bill"
"SAL-ORD-2026-00226","04-05-2026","Shree Ram Stonex","Neno White",42.0,28.0,0.0,0.0,1.0,8.75,430.0,3762.5,"To Deliver and Bill"
"SAL-ORD-2026-00226","04-05-2026","Shree Ram Stonex","Neno White",55.0,3.0,0.0,0.0,1.0,1.188,430.0,510.84,"To Deliver and Bill"
"SAL-ORD-2026-00226","04-05-2026","Shree Ram Stonex","Neno White",36.0,3.0,0.0,0.0,1.0,0.75,430.0,322.5,"To Deliver and Bill"
"SAL-ORD-2026-00226","04-05-2026","Shree Ram Stonex","DP",42.0,28.0,0.0,0.0,1.0,8.75,30.0,262.5,"To Deliver and Bill"
"SAL-ORD-2026-00226","04-05-2026","Shree Ram Stonex","Neno White",72.0,1.5,0.0,0.0,1.0,1.5,430.0,645.0,"To Deliver and Bill"
"SAL-ORD-2026-00229","04-05-2026","Ambamani Ramesh","Neno White",35.5,27.0,0.0,0.0,1.0,6.75,400.0,2700.0,"To Deliver and Bill"
"SAL-ORD-2026-00229","04-05-2026","Ambamani Ramesh","Neno White",52.25,18.0,0.0,0.0,1.0,6.75,400.0,2700.0,"To Deliver and Bill"
"SAL-ORD-2026-00230","04-05-2026","Hanuman Granite","Neno White",60.0,19.0,0.0,0.0,1.0,8.75,430.0,3762.5,"To Deliver and Bill"
"SAL-ORD-2026-00232-1","04-05-2026","Nil Tiles","R Black",66.0,24.0,0.0,0.0,2.0,22.0,80.0,1760.0,"To Deliver and Bill"
"SAL-ORD-2026-00232-1","04-05-2026","Nil Tiles","KOTA 30x24",29.0,18.0,30.0,24.0,2.0,10.0,43.0,430.0,"To Deliver and Bill"
"SAL-ORD-2026-00233","04-05-2026","Vijay Marble Bablu","Neno White",46.0,26.0,0.0,0.0,1.0,9.0,400.0,3600.0,"To Deliver and Bill"
"SAL-ORD-2026-00234","04-05-2026","Patidar","KOTA 30x24",29.0,23.0,30.0,24.0,3.0,15.0,43.0,645.0,"To Deliver and Bill"
"SAL-ORD-2026-00234","04-05-2026","Patidar","KOTA 78x24",73.0,23.0,78.0,24.0,1.0,13.0,62.0,806.0,"To Deliver and Bill"
"SAL-ORD-2026-00235","04-05-2026","Dilip C S","Neno White",77.25,33.0,0.0,0.0,1.0,17.875,425.0,7596.88,"To Deliver and Bill"
"SAL-ORD-2026-00238-2","04-05-2026","Ambika Dilip","Phal MouldG",28.25,10.0,0.0,0.0,1.0,2.5,25.0,62.5,"To Deliver and Bill"
"SAL-ORD-2026-00238-2","04-05-2026","Ambika Dilip","Phal MouldG",41.0,21.0,0.0,0.0,1.0,2.5,25.0,62.5,"To Deliver and Bill"
"SAL-ORD-2026-00238-2","04-05-2026","Ambika Dilip","Neno White",28.25,10.0,0.0,0.0,1.0,2.5,400.0,1000.0,"To Deliver and Bill"
"SAL-ORD-2026-00238-2","04-05-2026","Ambika Dilip","Neno White",41.0,21.0,0.0,0.0,1.0,6.125,400.0,2450.0,"To Deliver and Bill"
"SAL-ORD-2026-00243","04-05-2026","Motiram","DP",42.0,21.0,0.0,0.0,2.0,12.25,20.0,245.0,"To Deliver and Bill"
"SAL-ORD-2026-00243","04-05-2026","Motiram","R Black",52.5,21.0,0.0,0.0,1.0,7.875,75.0,590.62,"To Deliver and Bill"
"SAL-ORD-2026-00243","04-05-2026","Motiram","R Black",42.0,21.0,0.0,0.0,2.0,12.25,75.0,918.75,"To Deliver and Bill"
"SAL-ORD-2026-00243","04-05-2026","Motiram","R Black",11.75,32.0,0.0,0.0,1.0,2.75,75.0,206.25,"To Deliver and Bill"
"SAL-ORD-2026-00243","04-05-2026","Motiram","R Black",11.0,30.0,0.0,0.0,1.0,2.5,75.0,187.5,"To Deliver and Bill"
"SAL-ORD-2026-00243","04-05-2026","Motiram","R Black",24.0,18.0,0.0,0.0,2.0,6.0,75.0,450.0,"To Deliver and Bill"
"SAL-ORD-2026-00243","04-05-2026","Motiram","R Black",11.25,36.0,0.0,0.0,1.0,3.0,75.0,225.0,"To Deliver and Bill"
"SAL-ORD-2026-00251-1","04-05-2026","Dharti Granite","KOTA 30x24",29.0,23.0,30.0,24.0,6.0,30.0,43.0,1290.0,"To Deliver and Bill"
"SAL-ORD-2026-00251-1","04-05-2026","Dharti Granite","KOTA 72x24",71.0,23.0,72.0,24.0,1.0,12.0,60.0,720.0,"To Deliver and Bill"
"SAL-ORD-2026-00251-1","04-05-2026","Dharti Granite","KOTA 54x24",53.0,23.0,54.0,24.0,1.0,9.0,52.0,468.0,"To Deliver and Bill"
"SAL-ORD-2026-00251-1","04-05-2026","Dharti Granite","KOTA 42x24",39.0,23.0,42.0,24.0,1.0,7.0,49.0,343.0,"To Deliver and Bill"
"SAL-ORD-2026-00252-1","04-05-2026","Ekta Granite","Neno White",39.0,17.5,0.0,0.0,1.0,4.875,425.0,2071.88,"To Deliver and Bill"
"SAL-ORD-2026-00254","04-05-2026","Dharti Granite","KOTA 54x30",53.0,29.0,54.0,30.0,1.0,11.25,66.0,742.5,"To Deliver and Bill"
"SAL-ORD-2026-00254","04-05-2026","Dharti Granite","KOTA 30x24",29.0,23.0,30.0,24.0,2.0,10.0,43.0,430.0,"To Deliver and Bill"
"SAL-ORD-2026-00258","04-05-2026","Rocks Studio","KOTA 30x24 DP",24.0,18.0,30.0,24.0,2.0,10.0,51.0,510.0,"To Deliver and Bill"
"SAL-ORD-2026-00258","04-05-2026","Rocks Studio","KOTA 48x24 DP",45.0,23.0,48.0,24.0,1.0,8.0,58.0,464.0,"To Deliver and Bill"
"SAL-ORD-2026-00258","04-05-2026","Rocks Studio","KOTA 66x24 DP",60.0,10.0,66.0,24.0,4.0,22.0,66.0,1452.0,"To Deliver and Bill"
"SAL-ORD-2026-00258","04-05-2026","Rocks Studio","KOTA 42x24 DP",37.0,19.0,42.0,24.0,4.0,28.0,57.0,1596.0,"To Deliver and Bill"
"SAL-ORD-2026-00258","04-05-2026","Rocks Studio","KOTA 78x30 DP",72.0,24.0,78.0,30.0,3.0,48.75,82.0,3997.5,"To Deliver and Bill"
"SAL-ORD-2026-00258","04-05-2026","Rocks Studio","KOTA 42x24 DP",36.0,19.0,42.0,24.0,4.0,28.0,57.0,1596.0,"To Deliver and Bill"
"SAL-ORD-2026-00258","04-05-2026","Rocks Studio","KOTA 24x24 DP",23.0,18.0,24.0,24.0,2.0,8.0,45.0,360.0,"To Deliver and Bill"
"SAL-ORD-2026-00258","04-05-2026","Rocks Studio","KOTA 66x24 DP",62.0,10.5,66.0,24.0,4.0,22.0,66.0,1452.0,"To Deliver and Bill"
"SAL-ORD-2026-00258","04-05-2026","Rocks Studio","KOTA 48x30 DP",45.0,24.0,48.0,30.0,1.0,10.0,71.0,710.0,"To Deliver and Bill"
"SAL-ORD-2026-00258","04-05-2026","Rocks Studio","KOTA 78x24 DP",72.0,23.0,78.0,24.0,3.0,39.0,70.0,2730.0,"To Deliver and Bill"
"SAL-ORD-2026-00270-1","04-05-2026","Terapanth Bhanvan Julie","R Black",94.0,28.0,0.0,0.0,1.0,20.0,80.0,1600.0,"To Deliver and Bill"
"SAL-ORD-2026-00270-1","04-05-2026","Terapanth Bhanvan Julie","R Black",27.0,18.0,0.0,0.0,4.0,13.5,80.0,1080.0,"To Deliver and Bill"
"SAL-ORD-2026-00270-1","04-05-2026","Terapanth Bhanvan Julie","R Black",28.0,18.0,0.0,0.0,6.0,22.5,80.0,1800.0,"To Deliver and Bill"
"SAL-ORD-2026-00270-1","04-05-2026","Terapanth Bhanvan Julie","R Black",30.0,4.0,0.0,0.0,1.0,1.25,80.0,100.0,"To Deliver and Bill"
"SAL-ORD-2026-00270-1","04-05-2026","Terapanth Bhanvan Julie","R Black",94.0,6.0,0.0,0.0,1.0,4.0,80.0,320.0,"To Deliver and Bill"
"SAL-ORD-2026-00270-1","04-05-2026","Terapanth Bhanvan Julie","R Black",72.0,6.0,0.0,0.0,1.0,3.0,80.0,240.0,"To Deliver and Bill"
"SAL-ORD-2026-00270-1","04-05-2026","Terapanth Bhanvan Julie","R Black",75.0,7.0,0.0,0.0,2.0,9.375,80.0,750.0,"To Deliver and Bill"
"SAL-ORD-2026-00270-1","04-05-2026","Terapanth Bhanvan Julie","R Black",84.0,6.0,0.0,0.0,3.0,10.5,80.0,840.0,"To Deliver and Bill"
"SAL-ORD-2026-00270-1","04-05-2026","Terapanth Bhanvan Julie","R Black",75.0,4.0,0.0,0.0,2.0,6.25,80.0,500.0,"To Deliver and Bill"
"SAL-ORD-2026-00270-1","04-05-2026","Terapanth Bhanvan Julie","R Black",26.0,18.0,0.0,0.0,14.0,47.25,80.0,3780.0,"To Deliver and Bill"
"SAL-ORD-2026-00270-1","04-05-2026","Terapanth Bhanvan Julie","R Black",30.0,7.0,0.0,0.0,1.0,1.875,80.0,150.0,"To Deliver and Bill"
"SAL-ORD-2026-00270-1","04-05-2026","Terapanth Bhanvan Julie","R Black",72.0,27.0,0.0,0.0,1.0,13.5,80.0,1080.0,"To Deliver and Bill"
"SAL-ORD-2026-00270-1","04-05-2026","Terapanth Bhanvan Julie","R Black",84.0,26.0,0.0,0.0,3.0,47.25,80.0,3780.0,"To Deliver and Bill"
"SAL-ORD-2026-00342-2","04-05-2026","Granite Point","Neno White",33.0,21.0,0.0,0.0,1.0,4.812,425.0,2045.1,"To Deliver and Bill"
"SAL-ORD-2026-00342-2","04-05-2026","Granite Point","Neno White",33.0,1.75,0.0,0.0,1.0,0.688,425.0,292.4,"To Deliver and Bill"
"SAL-ORD-2026-00342-2","04-05-2026","Granite Point","Neno White",21.0,1.5,0.0,0.0,2.0,0.875,425.0,371.88,"To Deliver and Bill"
"SAL-ORD-2026-00570","04-05-2026","Abhishek Marble","KOTA 24x18 RAJ G",23.0,17.0,24.0,18.0,20.0,60.0,37.0,2220.0,"To Deliver and Bill"
"SAL-ORD-2026-00570","04-05-2026","Abhishek Marble","KOTA 22x16 RAJ RUF",22.0,16.0,24.0,18.0,6.0,18.0,29.0,522.0,"To Deliver and Bill"
"SAL-ORD-2026-00571","04-05-2026","Baldev Bhai","KOTA 22x22 RAJ P",22.0,22.0,24.0,24.0,3.0,12.0,30.0,360.0,"To Deliver and Bill"
"SAL-ORD-2026-00209","03-05-2026","Cash x Carry","Dhar MouldG",78.0,18.0,0.0,0.0,1.0,9.5,25.0,237.5,"To Deliver and Bill"
"SAL-ORD-2026-00209","03-05-2026","Cash x Carry","Neno White",37.0,18.0,0.0,0.0,1.0,4.875,430.0,2096.25,"To Deliver and Bill"
"SAL-ORD-2026-00209","03-05-2026","Cash x Carry","Neno White",78.0,18.0,0.0,0.0,1.0,9.75,430.0,4192.5,"To Deliver and Bill"
"SAL-ORD-2026-00211","03-05-2026","Nandu Mandir Wala","Neno White",34.5,24.0,0.0,0.0,2.0,12.0,430.0,5160.0,"To Deliver and Bill"
"SAL-ORD-2026-00175","02-05-2026","Shri Nakoda Bherav","KOTA 60x30 DP",59.0,29.0,60.0,30.0,1.0,12.5,77.0,962.5,"To Deliver and Bill"
"SAL-ORD-2026-00175","02-05-2026","Shri Nakoda Bherav","KOTA 84x24",83.0,3.0,84.0,24.0,1.0,3.5,65.0,227.5,"To Deliver and Bill"
"SAL-ORD-2026-00175","02-05-2026","Shri Nakoda Bherav","KOTA 24x24",23.0,23.0,24.0,24.0,4.0,16.0,37.0,592.0,"To Deliver and Bill"
"SAL-ORD-2026-00175","02-05-2026","Shri Nakoda Bherav","KOTA 36x30 DP",35.0,27.0,36.0,30.0,2.0,15.0,66.0,990.0,"To Deliver and Bill"
"SAL-ORD-2026-00175","02-05-2026","Shri Nakoda Bherav","KOTA 60x24",59.0,3.0,60.0,24.0,1.0,2.5,57.0,142.5,"To Deliver and Bill"
"SAL-ORD-2026-00175","02-05-2026","Shri Nakoda Bherav","KOTA 72x24 DP",71.0,18.0,72.0,24.0,1.0,12.0,68.0,816.0,"To Deliver and Bill"
"SAL-ORD-2026-00175","02-05-2026","Shri Nakoda Bherav","KOTA 72x30 DP",71.0,29.0,72.0,30.0,1.0,15.0,81.0,1215.0,"To Deliver and Bill"
"SAL-ORD-2026-00175","02-05-2026","Shri Nakoda Bherav","KOTA 84x30 DP",83.0,27.0,84.0,30.0,1.0,17.5,85.0,1487.5,"To Deliver and Bill"
"SAL-ORD-2026-00176","02-05-2026","Cash x Carry","Steel Gray",0.0,0.0,0.0,0.0,1.0,38.93,115.0,4476.95,"To Deliver and Bill"
"SAL-ORD-2026-00179-1","02-05-2026","Jigar Panchal","Tiles",94.0,31.0,0.0,0.0,1.0,22.0,210.0,4620.0,"To Deliver and Bill"
"SAL-ORD-2026-00179-1","02-05-2026","Jigar Panchal","Chemical Bag",0.0,0.0,0.0,0.0,0.0,1.0,400.0,400.0,"To Deliver and Bill"
"SAL-ORD-2026-00179-1","02-05-2026","Jigar Panchal","Hole",0.0,0.0,0.0,0.0,0.0,1.0,150.0,150.0,"To Deliver and Bill"
"SAL-ORD-2026-00179-1","02-05-2026","Jigar Panchal","Dhar MouldG",0.0,0.0,0.0,0.0,1.0,22.0,90.0,1980.0,"To Deliver and Bill"
"SAL-ORD-2026-00179-1","02-05-2026","Jigar Panchal","Farma",0.0,0.0,0.0,0.0,0.0,1.0,500.0,500.0,"To Deliver and Bill"
"SAL-ORD-2026-00181","02-05-2026","Dashmeet","R Black",60.0,22.0,0.0,0.0,1.0,10.0,85.0,850.0,"To Deliver and Bill"
"SAL-ORD-2026-00181","02-05-2026","Dashmeet","R Black",60.0,3.0,0.0,0.0,1.0,1.25,85.0,106.25,"To Deliver and Bill"
"SAL-ORD-2026-00181","02-05-2026","Dashmeet","Dhar MouldG",60.0,3.0,0.0,0.0,1.0,5.0,20.0,100.0,"To Deliver and Bill"
"SAL-ORD-2026-00181","02-05-2026","Dashmeet","Dhar MouldG",60.0,22.0,0.0,0.0,1.0,5.0,20.0,100.0,"To Deliver and Bill"
"SAL-ORD-2026-00182","02-05-2026","Ambamani Ramesh","Neno White",36.75,18.0,0.0,0.0,1.0,4.875,400.0,1950.0,"To Deliver and Bill"
"SAL-ORD-2026-00184","02-05-2026","Cash x Carry","KOTA 23x17 RAJ J",23.0,17.0,24.0,18.0,63.0,189.0,33.0,6237.0,"To Deliver and Bill"
"SAL-ORD-2026-00185","02-05-2026","Rocks Studio","KOTA 90x24",84.0,19.0,90.0,24.0,1.0,15.0,69.0,1035.0,"To Deliver and Bill"
"SAL-ORD-2026-00185","02-05-2026","Rocks Studio","KOTA 66x30",60.0,25.0,66.0,30.0,1.0,13.75,70.0,962.5,"To Deliver and Bill"
"SAL-ORD-2026-00186","02-05-2026","Subam","KOTA 24x24 RIV",22.0,22.0,24.0,24.0,20.0,80.0,40.0,3200.0,"To Deliver and Bill"
"SAL-ORD-2026-00195-1","02-05-2026","Abhishek Marble Puranji","KOTA 24x18",15.0,7.0,24.0,18.0,1.0,1.5,36.0,54.0,"To Deliver and Bill"
"SAL-ORD-2026-00195-1","02-05-2026","Abhishek Marble Puranji","KOTA 24x24",20.0,13.0,24.0,24.0,1.0,3.0,36.0,108.0,"To Deliver and Bill"
"SAL-ORD-2026-00195-1","02-05-2026","Abhishek Marble Puranji","KOTA 60x24",54.0,11.0,60.0,24.0,1.0,5.0,57.0,285.0,"To Deliver and Bill"
"SAL-ORD-2026-00195-1","02-05-2026","Abhishek Marble Puranji","KOTA 42x24",40.0,15.0,42.0,24.0,1.0,7.0,49.0,343.0,"To Deliver and Bill"
"SAL-ORD-2026-00196","02-05-2026","Hanuman Granite","KOTA 54x30 FIN",48.0,14.5,54.0,30.0,1.0,6.75,74.0,499.5,"To Deliver and Bill"
"SAL-ORD-2026-00196","02-05-2026","Hanuman Granite","KOTA 54x30 FIN",48.0,25.0,54.0,30.0,1.0,11.25,74.0,832.5,"To Deliver and Bill"
"SAL-ORD-2026-00197","02-05-2026","Shree Hari Krupa","Neno White",45.75,15.0,0.0,0.0,1.0,5.0,400.0,2000.0,"To Deliver and Bill"
"SAL-ORD-2026-00199","02-05-2026","Shri Nakoda Bherav","P White",100.0,14.0,0.0,0.0,1.0,10.625,65.0,690.62,"To Deliver and Bill"
"SAL-ORD-2026-00199","02-05-2026","Shri Nakoda Bherav","Dhar MouldG",100.0,14.0,0.0,0.0,1.0,11.0,15.0,165.0,"To Deliver and Bill"
"SAL-ORD-2026-00202","02-05-2026","Cash x Carry","Galaxy",0.0,0.0,0.0,0.0,1.0,2.937,215.0,631.46,"To Deliver and Bill"
"SAL-ORD-2026-00202","02-05-2026","Cash x Carry","Dhar MouldG",57.0,12.0,0.0,0.0,1.0,3.25,25.0,81.25,"To Deliver and Bill"
"SAL-ORD-2026-00202","02-05-2026","Cash x Carry","P White",57.0,12.0,0.0,0.0,2.0,9.5,65.0,617.5,"To Deliver and Bill"
"SAL-ORD-2026-00202","02-05-2026","Cash x Carry","Dhar MouldG",57.0,12.0,0.0,0.0,1.0,9.5,15.0,142.5,"To Deliver and Bill"
"SAL-ORD-2026-00207","02-05-2026","Cash x Carry","KOTA 48x24",47.0,10.0,48.0,24.0,5.0,20.0,52.0,1040.0,"To Deliver and Bill"
"SAL-ORD-2026-00207","02-05-2026","Cash x Carry","KOTA 42x24",41.0,5.0,42.0,24.0,3.0,5.25,50.0,262.5,"To Deliver and Bill"
"SAL-ORD-2026-00207","02-05-2026","Cash x Carry","KOTA 30x24",25.0,10.0,30.0,24.0,4.0,10.0,45.0,450.0,"To Deliver and Bill"
"SAL-ORD-2026-00208","02-05-2026","S A S","Steel Gray",30.0,30.0,0.0,0.0,1.0,6.25,110.0,687.5,"To Deliver and Bill"
"SAL-ORD-2026-00341-1","02-05-2026","Nil Tiles","Chemical Bag",0.0,0.0,0.0,0.0,1.0,1.0,500.0,500.0,"To Deliver and Bill"
"SAL-ORD-2026-00341-1","02-05-2026","Nil Tiles","Dhar MouldG",0.0,0.0,0.0,0.0,1.0,34.0,70.0,2380.0,"To Deliver and Bill"
"SAL-ORD-2026-00341-1","02-05-2026","Nil Tiles","Tiles Job Work",0.0,0.0,0.0,0.0,1.0,53.0,15.0,795.0,"To Deliver and Bill"
"SAL-ORD-2026-00569","02-05-2026","Kajaria tiles","KOTA 22X22 RAJ MIR",22.0,22.0,0.0,0.0,16.0,64.0,65.0,4160.0,"To Deliver and Bill"
"SAL-ORD-2026-00146","01-05-2026","Shri Nakoda Bherav","KOTA 60x24",59.0,23.0,60.0,24.0,1.0,10.0,57.0,570.0,"To Deliver and Bill"
"SAL-ORD-2026-00146","01-05-2026","Shri Nakoda Bherav","KOTA 36x24",35.0,23.0,36.0,24.0,1.0,6.0,46.0,276.0,"To Deliver and Bill"
"SAL-ORD-2026-00150","01-05-2026","Natural Granite","Dhar Mould",24.0,16.0,0.0,0.0,2.0,10.0,10.0,100.0,"To Deliver and Bill"
"SAL-ORD-2026-00150","01-05-2026","Natural Granite","KOTA 54x24 DP",50.0,15.0,54.0,24.0,2.0,13.5,74.0,999.0,"To Deliver and Bill"
"SAL-ORD-2026-00150","01-05-2026","Natural Granite","Dhar Mould",60.0,16.0,0.0,0.0,2.0,10.0,10.0,100.0,"To Deliver and Bill"
"SAL-ORD-2026-00150","01-05-2026","Natural Granite","KOTA 30x24 DP",24.0,16.0,30.0,24.0,2.0,7.5,51.0,382.5,"To Deliver and Bill"
"SAL-ORD-2026-00150","01-05-2026","Natural Granite","KOTA 66x24 DP",60.0,16.0,66.0,24.0,2.0,22.0,66.0,1452.0,"To Deliver and Bill"
"SAL-ORD-2026-00150","01-05-2026","Natural Granite","Dhar Mould",50.0,15.0,0.0,0.0,2.0,9.0,10.0,90.0,"To Deliver and Bill"
"SAL-ORD-2026-00155","01-05-2026","Sardarji","P White",36.0,6.0,0.0,0.0,6.0,9.0,65.0,585.0,"To Deliver and Bill"
"SAL-ORD-2026-00155","01-05-2026","Sardarji","P White",36.0,11.0,0.0,0.0,3.0,9.0,65.0,585.0,"To Deliver and Bill"
"SAL-ORD-2026-00155","01-05-2026","Sardarji","P White",36.0,9.5,0.0,0.0,3.0,9.0,65.0,585.0,"To Deliver and Bill"
"SAL-ORD-2026-00156","01-05-2026","Natural Granite","KOTA 84x24 FIN",81.0,23.0,84.0,24.0,1.0,14.0,73.0,1022.0,"To Deliver and Bill"
"SAL-ORD-2026-00156","01-05-2026","Natural Granite","KOTA 90x24 FIN",86.0,23.0,90.0,24.0,1.0,15.0,77.0,1155.0,"To Deliver and Bill"
"SAL-ORD-2026-00158","01-05-2026","Nil Tiles","KOTA 42x24",39.0,23.0,42.0,24.0,1.0,7.0,49.0,343.0,"To Deliver and Bill"
"SAL-ORD-2026-00163","01-05-2026","Cash x Carry","Dhar Mould",24.0,18.0,0.0,0.0,1.0,4.5,16.0,72.0,"To Deliver and Bill"
"SAL-ORD-2026-00163","01-05-2026","Cash x Carry","KOTA 30x24",24.0,18.0,30.0,24.0,1.0,5.0,48.0,240.0,"To Deliver and Bill"
"SAL-ORD-2026-00164","01-05-2026","Sachiyay Granite","KOTA 60x36",59.0,35.0,60.0,36.0,6.0,90.0,120.0,10800.0,"To Deliver and Bill"
"SAL-ORD-2026-00167","01-05-2026","S A S","P White",32.0,21.0,0.0,0.0,2.0,9.625,65.0,625.62,"To Deliver and Bill"
"SAL-ORD-2026-00167","01-05-2026","S A S","P White",61.0,23.0,0.0,0.0,1.0,10.5,65.0,682.5,"To Deliver and Bill"
"SAL-ORD-2026-00167","01-05-2026","S A S","P White",69.0,21.0,0.0,0.0,1.0,10.062,65.0,654.03,"To Deliver and Bill"
"SAL-ORD-2026-00168-1","01-05-2026","Rocks Studio","KOTA 60x30",54.0,29.0,60.0,30.0,4.0,50.0,69.0,3450.0,"To Deliver and Bill"
"SAL-ORD-2026-00170","01-05-2026","Natural Granite","KOTA 22x16 RAJ P",22.0,16.0,24.0,18.0,45.0,135.0,29.0,3915.0,"To Deliver and Bill"
"SAL-ORD-2026-00170","01-05-2026","Natural Granite","KOTA 60x30 DP",55.0,25.0,60.0,30.0,2.0,25.0,77.0,1925.0,"To Deliver and Bill"
"SAL-ORD-2026-00171","01-05-2026","Cash x Carry","KOTA 22x11 RAJ P",22.0,11.0,24.0,12.0,30.0,60.0,25.0,1500.0,"To Deliver and Bill"
"SAL-ORD-2026-00173-1","01-05-2026","Hardhik K.C","KOTA 24x24 LDR",22.0,22.0,24.0,24.0,290.0,1160.0,40.0,46400.0,"To Deliver and Bill"
"SAL-ORD-2026-00566","01-05-2026","Saaras G Manish","KOTA 22x22 RAJ P",22.0,22.0,24.0,24.0,125.0,500.0,30.0,15000.0,"To Deliver and Bill"
"SAL-ORD-2026-00567","01-05-2026","Hardhik K.C","KOTA 22x16 RAJ P",22.0,16.0,24.0,18.0,117.0,351.0,29.0,10179.0,"To Deliver and Bill"
"SAL-ORD-2026-00568","01-05-2026","Bhagawati Stone","KOTA 24x24 RAJ G",23.0,23.0,24.0,24.0,300.0,1200.0,37.0,44400.0,"To Deliver and Bill"
